DIRECTORIO,REGION,Ubicacion,Tipo_vivienda,Material_exterior,Material_piso,Material_techo,Estrato,Num_Cuartos,Num_cuartos_para_dormir,Ingreso_hogar,Ingreso_percapita,cantidad_personas,Recibieron_Subsidio,Dinero_subsidio,Veces_lavadora,Tamaño_nevera,Horas_pc,Pago_energia,Pago_gas
7121648,1.0,2.0,1.0,1.0,4.0,3.0,1,7,5,2389949,298743,8,2,500000, ,2, ,112000,30000
7121729,1.0,1.0,3.0,1.0,6.0,3.0,3,1,1,528333,264166,2,2,400000, , , ,0, 
7121845,3.0,1.0,1.0,1.0,4.0,4.0,1,3,3,416666,104166,4,1,360000,2,1, ,12000, 
7121846,3.0,1.0,1.0,1.0,6.0,4.0,1,3,1,912500,228125,4,1,270000, ,1, ,15000, 
7121923,3.0,1.0,2.0,1.0,4.0,3.0,1,4,3,625000,125000,5,5,800000,2,1, ,35000,9200
7121947,3.0,1.0,1.0,1.0,4.0,4.0,3,5,2,1136666,568333,2,2,360000,1,1, ,54000,45000
7122034,2.0,2.0,1.0,5.0,6.0,4.0,1,3,1,2750000,916666,3,1,15000000,2,2, ,22000, 
7122077,2.0,1.0,1.0,1.0,4.0,3.0,1,5,3,2561833,853944,3,1,600000, ,1, ,26000,17000
7122269,4.0,1.0,1.0,1.0,6.0,3.0,1,3,2,1929000,385800,5,1,800000,1,2, ,24000,20200
7122357,3.0,2.0,1.0,1.0,6.0,4.0, ,1,1,995416,497708,2,1,720000, , , , , 
7122489,9.0,2.0,1.0,8.0,6.0,4.0,0,2,1,376666,376666,1,1,960000,1, , ,0, 
7122496,9.0,2.0,1.0,1.0,6.0,4.0,1,3,2,110833,18472,6,5,250000, ,2, ,178000, 
7122686,9.0,1.0,1.0,1.0,6.0,4.0,1,4,2,3535833,707166,5,1,8640000,2,1, ,30500, 
7122810,9.0,2.0,1.0,1.0,3.0,3.0,3,3,2,1467333,489111,3,3,1480000, ,2,1,40000, 
7122831,1.0,1.0,2.0,1.0,6.0,3.0,2,3,2,490000,163333,3,1,400000,2,2, ,70000,20000
7122907,,,,,,,,4,3,1241000,248200,5,1,3000000,1,2, ,90000,130000
7122923,1.0,1.0,1.0,1.0,6.0,4.0,1,3,2,1716666,429166,4,1,2600000,2,1, ,58000,24000
7122951,1.0,1.0,1.0,1.0,6.0,3.0,1,3,2,463333,154444,3,1,300000, , , ,22000,15400
7123027,1.0,1.0,1.0,1.0,4.0,3.0,3,4,2,1798000,599333,3,1,1200000,3,2,1,250000,100000
7123160,3.0,1.0,2.0,1.0,6.0,4.0,1,2,1,66666,66666,1,1,800000,2,1, ,16000,2000
7123161,3.0,1.0,1.0,1.0,6.0,4.0,1,1,1,674166,168541,4,1,90000,2,1, ,80000,60000
7123197,3.0,1.0,1.0,1.0,6.0,4.0,1,4,1,605000,302500,2,2,300000, ,2, ,15000, 
7123220,3.0,2.0,1.0,6.0,6.0,4.0,1,2,1,930000,465000,2,1,360000, ,2, ,0, 
7123255,2.0,1.0,2.0,1.0,4.0,3.0,2,3,2,4628333,2314166,2,1,1600000,2,1, ,40000,8000
7123307,4.0,1.0,2.0,1.0,6.0,4.0,1,3,2,160000,80000,2,1,720000, , , ,30000,6000
7123335,4.0,1.0,1.0,3.0,6.0,4.0,2,2,1,582000,291000,2,1,492000, , , ,10500,80000
7123389,3.0,1.0,1.0,1.0,6.0,4.0,2,4,2,1630459,815229,2,1,4000000,1,1, ,34000,16000
7123507,9.0,1.0,2.0,1.0,4.0,1.0,1,3,2,1091449,545724,2,1,3000000, ,2,1,30000, 
7123509,9.0,1.0,1.0,1.0,4.0,1.0,1,3,2,1633333,272222,6,1,5000000, , ,2,16000, 
7123648,9.0,1.0,1.0,1.0,6.0,3.0,1,3,1,1083333,541666,2,2,10000000, , , ,30000,27000
7123706,9.0,1.0,1.0,5.0,5.0,4.0,0,2,1,300000,150000,2,2,900000, ,1, ,0, 
7123823,,,,,,,,4,2,445000,148333,3,3,1200000, ,1, ,118000,18000
7123866,1.0,1.0,2.0,1.0,4.0,3.0,1,3,2,1263666,421222,3,1,400000,2,1, ,40000,20000
7123953,2.0,1.0,1.0,1.0,7.0,4.0,1,3,1,392833,196416,2,1,514000, ,1, ,25000, 
7124158,9.0,1.0,1.0,4.0,7.0,4.0, ,2,1,2073333,691111,3,1,600000, , , , , 
7124160,9.0,1.0,2.0,1.0,4.0,1.0,9,1,1,1009333,1009333,1,1,400000, ,2, ,10000, 
7124163,9.0,1.0,2.0,1.0,4.0,1.0,1,4,2,1762500,587500,3,1,750000,2,1,1,30000,48000
7124272,1.0,1.0,2.0,1.0,4.0,3.0,2,4,2,690000,230000,3,1,1080000,2, , ,82000,24000
7124276,1.0,1.0,2.0,1.0,4.0,5.0,1,2,1,1343538,268707,5,1,1700000, ,1,2,25000,12000
7124291,1.0,1.0,2.0,1.0,4.0,1.0,3,3,1,1357500,678750,2,1,790000,2,3, ,102000,22000
7124558,1.0,1.0,2.0,1.0,6.0,4.0,1,3,2,181666,36333,5,1,380000, ,2, ,99,15000
7124809,3.0,1.0,1.0,1.0,6.0,4.0,1,3,1,50000,50000,1,1,600000, , , ,35000,2000
7124854,3.0,1.0,1.0,5.0,7.0,4.0,1,1,1,879333,219833,4,1,2000000, ,1, ,30000, 
7124864,3.0,1.0,1.0,5.0,6.0,4.0,1,3,2,875833,218958,4,1,670000, , , ,30000, 
7124870,3.0,2.0,1.0,1.0,4.0,4.0,1,4,3,2325000,581250,4,1,2400000,1,3,1,52000, 
7124891,3.0,1.0,1.0,1.0,4.0,3.0,2,4,2,7125000,3562500,2,1,750000,1,1, ,125000,15000
7124957,3.0,1.0,1.0,1.0,4.0,4.0,2,3,2,1041666,520833,2,1,2400000, , , ,25000,20000
7125244,,,,,,,,3,3,1760000,293333,6,1,540000, ,3, ,36000,3000
7125275,2.0,2.0,1.0,1.0,4.0,4.0,2,3,2,1553333,517777,3,1,2080000, ,2, ,99930, 
7125358,2.0,1.0,2.0,1.0,6.0,1.0,1,4,2,1631000,407750,4,1,400000,2,1, ,148000,28000
7125363,2.0,1.0,1.0,1.0,4.0,4.0,2,2,1,2238166,559541,4,1,800000,3,1, ,60000, 
7125600,3.0,1.0,1.0,1.0,4.0,3.0,2,4,3,2436666,406111,6,1,1700000, ,3, ,35000,23000
7125674,3.0,1.0,2.0,1.0,4.0,4.0,2,3,2,1723481,430870,4,2,720000,1,1,1,40000,15000
7125760,3.0,1.0,2.0,1.0,4.0,3.0,5,4,1,2410296,1205148,2,1,400000,2,2,3,130000, 
7125826,3.0,2.0,1.0,1.0,4.0,3.0,1,3,3,958333,191666,5,1,1000000, ,1, ,32000,12000
7125959,6.0,1.0,2.0,1.0,4.0,1.0,1,3,2,45000,11250,4,1,98,2,2, ,100000, 
7126108,,,,,,,,3,1,175666,35133,5,1,990000,1,2, ,27500, 
7126307,9.0,1.0,1.0,1.0,4.0,4.0,2,4,2,1166666,583333,2,1,2000000, ,1, ,43000,22000
7126322,9.0,1.0,2.0,5.0,6.0,4.0,2,3,3,2318333,772777,3,1,300000,3,3, ,30000, 
7126330,9.0,1.0,1.0,8.0,6.0,4.0,1,3,2,1975000,493750,4,2,1200000,2,1, ,14000,8000
7126409,9.0,1.0,1.0,1.0,6.0,4.0,1,4,2,251666,125833,2,1,80000, , , ,1760,1250
7126413,9.0,1.0,1.0,1.0,6.0,4.0,1,2,1,366666,366666,1,1,50000, ,1, ,11600,11000
7126449,9.0,2.0,1.0,5.0,6.0,4.0, ,2,2,616666,308333,2,2,400000, , , , , 
7126569,1.0,1.0,1.0,1.0,6.0,3.0,1,4,3,385000,77000,5,2,300000,2,2, ,40000,25000
7126689,2.0,1.0,2.0,1.0,4.0,1.0,2,2,2,780000,195000,4,1,900000, ,2, ,25000,11000
7126690,2.0,1.0,1.0,1.0,4.0,3.0,2,4,4,1308333,654166,2,1,300000,1,2, ,15000, 
7126703,2.0,2.0,1.0,1.0,4.0,3.0,2,5,3,2600466,650116,4,1,960000, , , ,8600, 
7126736,2.0,1.0,2.0,1.0,4.0,1.0,2,3,2,657500,328750,2,1,450000,1,1, ,25000,18000
7126900,2.0,1.0,1.0,1.0,4.0,2.0,3,5,3,3961666,990416,4,1,1200000,2,2,15,120000,30000
7127053,4.0,1.0,2.0,1.0,6.0,1.0,1,3,2,956666,191333,5,1,400000,1,1, ,22000,20000
7127095,4.0,2.0,1.0,1.0,6.0,3.0,1,4,3,650000,162500,4,1,600000, ,1, ,38000, 
7127098,4.0,2.0,1.0,6.0,4.0,3.0,1,6,4,4572148,914429,5,1,800000,2,1, ,60000,12000
7127116,3.0,1.0,2.0,1.0,4.0,1.0,2,2,1,666666,222222,3,3,400000, ,1, ,20000,15000
7127232,3.0,2.0,1.0,1.0,6.0,4.0,2,4,3,1250000,312500,4,2,1800000, ,2, ,70000, 
7127342,9.0,1.0,1.0,8.0,7.0,4.0,1,6,5,150000,25000,6,6,98, , , ,21000, 
7127345,9.0,1.0,1.0,5.0,6.0,6.0,1,3,3,175000,19444,9,1,99, , , ,15000, 
7127391,9.0,1.0,1.0,1.0,6.0,4.0,1,6,5,1758333,219791,8,1,100000,3,2, ,72000, 
7127398,9.0,1.0,1.0,1.0,6.0,4.0,1,2,2,2221666,555416,4,1,260000,3,1, ,22000,32000
7127419,1.0,1.0,1.0,1.0,4.0,1.0,2,4,2,1383333,345833,4,1,1000000, ,2, ,80000,16000
7127950,1.0,1.0,2.0,1.0,6.0,4.0,1,3,2,226666,45333,5,1,800000,2,1, ,30000,0
7127965,1.0,1.0,2.0,1.0,4.0,3.0,3,2,1,1059616,529808,2,1,348000,2,1, ,140000,0
7128033,1.0,2.0,1.0,4.0,7.0,3.0,1,2,1,663333,663333,1,1,1000000, , , ,6510,11000
7128233,2.0,2.0,2.0,1.0,4.0,1.0,2,3,1,1324666,441555,3,1,412000, , , ,34020,6000
7128264,2.0,2.0,2.0,1.0,6.0,4.0,2,4,3,3323333,553888,6,1,480000,5,1, ,114779,25000
7128474,3.0,1.0,2.0,1.0,4.0,4.0,2,2,1,333333,333333,1,1,800000, ,1, ,97,97
7128478,3.0,1.0,1.0,1.0,4.0,4.0,1,5,3,1355000,338750,4,2,1600000, ,2, ,40000,10000
7128482,3.0,1.0,2.0,1.0,4.0,4.0,2,2,1,478333,478333,1,1,800000, ,1, ,97, 
7128530,3.0,2.0,1.0,1.0,6.0,4.0,1,4,2,1533333,383333,4,4,1600000,1, , ,34000, 
7128532,3.0,2.0,1.0,5.0,6.0,4.0,1,3,1,530000,530000,1,1,1200000, ,1, ,13000, 
7128826,2.0,2.0,1.0,5.0,7.0,4.0,2,3,1,578333,289166,2,1,520000, ,1, ,12430, 
7129008,2.0,1.0,2.0,1.0,6.0,3.0,1,3,2,1531616,306323,5,1,400000,3,1, ,60000, 
7129071,2.0,1.0,3.0,6.0,6.0,4.0,1,1,1,703000,234333,3,1,276000, , , ,30000, 
7129075,2.0,1.0,1.0,1.0,6.0,4.0,2,1,1,420000,70000,6,5,99, , , ,52000, 
7129088,2.0,1.0,1.0,1.0,6.0,4.0,2,3,2,1485583,495194,3,1,27000, ,1, ,59000,0
7129375,7.0,1.0,2.0,1.0,4.0,1.0,2,3,1,961839,320613,3,1,800000,2,1, ,60000,15000
7129559,3.0,2.0,1.0,1.0,6.0,3.0,1,3,2,1429782,476594,3,1,550000, , , ,27000, 
7129738,3.0,1.0,1.0,1.0,4.0,4.0,2,4,2,1300000,433333,3,1,2400000,2,1,30,52000,22000
7129851,3.0,1.0,2.0,1.0,4.0,3.0,2,2,2,1411574,470524,3,1,35000, ,1, ,42526, 
7130332,9.0,1.0,1.0,1.0,6.0,4.0,2,1,1,1041666,520833,2,2,500000, , , ,47000, 
7130461,9.0,1.0,1.0,3.0,7.0,4.0,1,3,2,200000,66666,3,3,98, , , ,25000, 
7130480,9.0,2.0,4.0,4.0,7.0,4.0,1,4,4,240000,60000,4,2,180000, , , ,20600, 
7130595,9.0,2.0,4.0,8.0,7.0,7.0, ,1,1,141666,23611,6,3,200000, , , , , 
7130597,9.0,2.0,1.0,8.0,7.0,4.0, ,2,2,512500,128125,4,4,750000, , , , , 
7130696,9.0,1.0,1.0,5.0,7.0,4.0,0,3,2,876666,175333,5,1,800000, , , ,25000, 
7130843,9.0,2.0,1.0,1.0,4.0,4.0,8,3,1,1000000,1000000,1,1,6000000, ,1, ,0, 
7130926,9.0,1.0,1.0,5.0,6.0,4.0,1,2,2,715000,119166,6,1,50000, ,1, ,35000,8000
7131093,1.0,2.0,1.0,1.0,6.0,3.0,0,3,1,514250,128562,4,1,480000,2,1, ,0, 
7131338,2.0,1.0,1.0,1.0,4.0,2.0,3,5,3,3862666,772533,5,1,400000,3,1, ,100000,25000
7131594,3.0,2.0,1.0,5.0,6.0,4.0,2,4,1,858333,429166,2,1,500000, ,1, ,27000, 
7131607,3.0,2.0,1.0,1.0,4.0,4.0,1,6,2,2530000,632500,4,1,4200000, ,2, ,20000, 
7131773,3.0,2.0,1.0,1.0,4.0,3.0,9,7,5,7781000,1111571,7,3,138000,3,1,2,0, 
7131814,6.0,1.0,2.0,1.0,4.0,3.0,2,3,2,1283333,213888,6,1,1200000,3,2, ,56000,14000
7131854,,,,,,,,3,3,1780000,445000,4,1,300000,3, , ,160000, 
7132273,9.0,1.0,1.0,1.0,4.0,4.0,1,4,3,626666,125333,5,1,800000,2,2, ,30000, 
7132275,9.0,1.0,1.0,1.0,6.0,4.0,0,4,3,891833,222958,4,1,500000,2,2, ,45000, 
7132697,3.0,2.0,1.0,1.0,6.0,4.0,1,2,1,3228333,3228333,1,1,600000, , , ,15000, 
7132788,2.0,1.0,1.0,1.0,4.0,4.0,2,3,2,2911666,485277,6,3,12600000,2,1, ,100000,20000
7132849,2.0,1.0,1.0,1.0,4.0,2.0,4,5,1,8000000,4000000,2,1,1200000,2,3, ,150000,15000
7133160,9.0,1.0,4.0,5.0,6.0,6.0,1,3,2,545000,136250,4,2,1080000, ,1, ,50000, 
7133197,9.0,1.0,2.0,1.0,4.0,1.0,1,3,2,735000,245000,3,1,3000000, ,2, ,20000, 
7133721,1.0,1.0,2.0,1.0,6.0,3.0,1,3,2,2001449,667149,3,2,820000, ,1, ,56000,8000
7133951,2.0,2.0,1.0,2.0,7.0,3.0, ,2,1,550000,275000,2,1,600000, , , , , 
7133955,2.0,2.0,1.0,1.0,6.0,1.0,2,3,2,2469500,352785,7,1,480000, ,2, ,20000, 
7134073,2.0,1.0,2.0,1.0,4.0,1.0,3,4,3,1179000,294750,4,1,500000,2,1,1,60000,8000
7134373,3.0,1.0,1.0,5.0,6.0,4.0,1,1,1,234583,78194,3,1,415000,1,2, ,55000, 
7134403,3.0,2.0,1.0,5.0,6.0,4.0,1,2,2,896666,298888,3,1,8000000, , , ,7000, 
7134692,2.0,2.0,1.0,1.0,4.0,3.0,2,2,2,1020666,204133,5,5,2000000,2, , ,0, 
7135093,2.0,2.0,1.0,5.0,7.0,4.0,1,4,1,650000,325000,2,1,600000,1,2, ,53000,13550
7135160,2.0,2.0,1.0,1.0,6.0,4.0,2,3,2,775000,258333,3,1,300000,2,2, ,22800, 
7135164,2.0,2.0,1.0,1.0,4.0,3.0,2,2,1,530000,132500,4,2,1200000,2,1, ,24590, 
7135291,7.0,1.0,1.0,1.0,6.0,1.0,1,4,3,512500,102500,5,5,930000, ,1, ,41000,10000
7135308,4.0,1.0,2.0,1.0,4.0,1.0,2,5,3,1741666,580555,3,1,300000,2,2,1,50000,25000
7136138,6.0,2.0,1.0,5.0,6.0,4.0,1,2,1,1201833,400611,3,1,826000,3,1, ,25000, 
7136143,6.0,2.0,1.0,5.0,7.0,3.0,1,3,2,420000,140000,3,1,500000,3,1, ,15000, 
7136525,9.0,1.0,1.0,5.0,6.0,4.0,1,5,4,3033333,505555,6,1,800000, , , ,7000, 
7136596,9.0,2.0,1.0,1.0,6.0,4.0,1,2,1,1450000,725000,2,1,15000000, ,2, ,13000, 
7136644,9.0,1.0,1.0,5.0,5.0,4.0, ,3,2,410833,136944,3,1,60000, , , , , 
7136656,9.0,1.0,1.0,1.0,6.0,4.0,1,2,2,2558166,639541,4,1,1116000, ,2, ,7000, 
7136763,,,,,,,,4,3,2076666,1038333,2,1,400000, ,2, ,280000,70000
7137053,1.0,2.0,1.0,3.0,7.0,4.0,1,2,1,463750,115937,4,2,520000,2,1, ,0, 
7137100,1.0,2.0,1.0,1.0,4.0,3.0,1,3,2,1180000,393333,3,2,240000,2,2,2,108400,8550
7137313,2.0,1.0,1.0,1.0,4.0,1.0,2,3,1,195666,97833,2,1,1274000,2,1, ,3333,10000
7137314,2.0,1.0,1.0,2.0,6.0,3.0,2,5,1,525666,175222,3,3,600000,1,3, ,12495, 
7137663,9.0,2.0,1.0,5.0,5.0,4.0, ,2,1,1225000,612500,2,1,12000000, , , , , 
7137684,9.0,2.0,1.0,5.0,5.0,3.0,8,1,1,1404166,1404166,1,1,15000000, , , ,0, 
7137704,9.0,1.0,1.0,5.0,7.0,4.0,1,3,2,3079532,513255,6,1,330000,4,2, ,70000, 
7138091,1.0,2.0,1.0,1.0,6.0,3.0,1,4,3,843750,140625,6,1,975000, ,2, ,88000,77000
7138102,1.0,2.0,1.0,6.0,6.0,4.0,1,4,3,311666,62333,5,4,760000, ,1, ,0, 
7138203,1.0,2.0,1.0,3.0,6.0,4.0,0,4,1,516666,258333,2,1,100000, ,2, ,0, 
7138205,1.0,2.0,1.0,1.0,7.0,4.0,0,2,1,512500,170833,3,1,100000, , , ,0, 
7138214,1.0,2.0,1.0,1.0,6.0,4.0,0,3,1,1283333,320833,4,1,740000, , , ,0, 
7138308,1.0,1.0,1.0,5.0,7.0,4.0,1,1,1,539166,179722,3,1,2400000, , , ,9000, 
7138382,1.0,2.0,1.0,3.0,7.0,4.0,0,3,1,370000,370000,1,1,1320000, , , ,0, 
7138423,2.0,2.0,1.0,1.0,6.0,3.0,0,3,2,2477666,275296,9,1,2400000,3,2, ,0, 
7138442,2.0,2.0,1.0,1.0,4.0,3.0,1,3,2,1236698,309174,4,2,1400000,2,2,2,20000, 
7138449,2.0,2.0,1.0,1.0,6.0,3.0,1,3,2,1041666,208333,5,1,2000000,2,2, ,21000, 
7138452,2.0,2.0,2.0,1.0,4.0,3.0,1,2,1,866666,288888,3,1,800000, , , ,25000, 
7138504,2.0,2.0,1.0,1.0,4.0,1.0,0,2,2,2288780,572195,4,4,3000000,2, , ,99, 
7138522,3.0,1.0,1.0,1.0,4.0,4.0,1,5,4,4082366,680394,6,1,800000,3,3, ,78000,22000
7138899,2.0,1.0,1.0,2.0,4.0,2.0,2,4,2,1630000,543333,3,1,900000,2,2, ,45000,78000
7139163,,,,,,,,5,3,2645000,881666,3,1,10000000,2,3, ,54000,30000
7139371,2.0,2.0,1.0,5.0,7.0,4.0,1,3,2,908333,454166,2,1,700000,2,2, ,88000, 
7139374,2.0,2.0,1.0,1.0,6.0,4.0,2,4,3,398250,132750,3,1,229000,2,1, ,95000, 
7139377,2.0,2.0,1.0,1.0,6.0,3.0,2,3,1,1161666,290416,4,4,500000,2,1, ,36000, 
7139380,2.0,2.0,1.0,1.0,4.0,4.0,2,3,2,849666,169933,5,1,200000, ,1, ,35000, 
7139537,7.0,1.0,2.0,1.0,4.0,1.0,2,4,3,825000,137500,6,5,840000, ,2, ,16500, 
7139662,7.0,1.0,1.0,1.0,6.0,1.0,1,4,3,1704166,340833,5,1,800000,2,2, ,55000,25000
7139730,4.0,1.0,2.0,1.0,4.0,1.0,2,4,3,7162338,1790584,4,1,2400000,2,2, ,125000, 
7139734,4.0,1.0,3.0,1.0,4.0,1.0,2,1,1,516666,516666,1,1,1400000, , ,1,10000, 
7139789,4.0,1.0,3.0,1.0,4.0,3.0,3,2,1,258333,258333,1,1,1200000, , , ,15000,0
7139795,4.0,1.0,2.0,1.0,4.0,1.0,2,4,1,1135000,567500,2,1,720000,2,2, ,35000,15000
7140024,3.0,2.0,1.0,1.0,6.0,4.0,1,3,2,510000,102000,5,2,120000, ,3, ,40000, 
7140075,3.0,1.0,3.0,1.0,4.0,1.0,3,1,1,158333,158333,1,1,400000, , , ,0, 
7140084,3.0,1.0,3.0,1.0,4.0,1.0,3,1,1,366666,366666,1,1,1400000, , , ,0, 
7140113,3.0,2.0,1.0,3.0,6.0,4.0,0,2,1,484000,161333,3,1,216000, ,2, ,0, 
7140175,3.0,2.0,1.0,1.0,6.0,4.0,0,7,1,1502500,751250,2,1,30000, , , ,0, 
7140184,3.0,2.0,2.0,1.0,4.0,4.0,1,2,1,2363000,1181500,2,1,600000, ,2, ,12000, 
7140201,3.0,2.0,1.0,1.0,6.0,4.0,1,4,3,2851666,712916,4,2,900000,3,1, ,24000, 
7140209,3.0,2.0,1.0,1.0,6.0,4.0,1,5,3,640000,128000,5,1,400000, ,1, ,11000, 
7140395,3.0,1.0,3.0,4.0,6.0,4.0,1,1,1,180000,180000,1,1,540000, , , ,0, 
7140508,3.0,1.0,2.0,1.0,4.0,3.0,1,3,1,1660700,830350,2,1,2400000, ,1, ,32000,4000
7140794,1.0,1.0,1.0,1.0,4.0,3.0,1,4,1,1330000,665000,2,2,2760000,3,2, ,53350,3150
7140966,4.0,1.0,1.0,1.0,2.0,4.0,1,3,2,334166,111388,3,2,410000, , , ,25000, 
7140967,4.0,1.0,1.0,1.0,6.0,1.0,1,4,3,680000,113333,6,1,700000, ,1, ,63000, 
7140980,4.0,1.0,1.0,1.0,6.0,4.0,1,3,3,713333,118888,6,1,1500000,2,2, ,28000, 
7141203,9.0,1.0,1.0,8.0,6.0,4.0,1,2,1,1896666,474166,4,2,80000, ,2, ,10000, 
7141231,9.0,1.0,1.0,5.0,6.0,5.0,1,4,3,1120000,280000,4,1,2400000, , , ,13000, 
7141248,9.0,2.0,1.0,5.0,6.0,4.0,1,4,3,1065000,266250,4,1,1800000,3,1, ,17000, 
7141305,9.0,2.0,1.0,5.0,5.0,4.0, ,2,1,1316666,658333,2,1,8000000, , , , , 
7141315,9.0,2.0,1.0,5.0,5.0,4.0, ,2,1,600000,300000,2,1,1200000, , , , , 
7141343,9.0,2.0,1.0,5.0,5.0,4.0, ,3,2,2300000,1150000,2,1,12000000, , , , , 
7141439,9.0,1.0,1.0,1.0,4.0,1.0,2,2,1,1079782,539891,2,1,360000,1,1, ,15000,3000
7141861,1.0,1.0,1.0,1.0,4.0,1.0,3,3,2,4137833,827566,5,1,800000,5,1, ,455000,48000
7141864,1.0,1.0,1.0,1.0,4.0,1.0,1,3,2,1412250,353062,4,2,960000,3,3,12,110000,25000
7141995,1.0,2.0,1.0,1.0,6.0,4.0, ,4,1,703333,234444,3,1,600000, , , , , 
7142036,1.0,2.0,1.0,1.0,6.0,3.0,1,3,2,467500,93500,5,4,2020000,3, , ,28440, 
7142057,3.0,1.0,2.0,1.0,4.0,4.0,3,5,2,4128333,2064166,2,1,800000, ,1, ,56000, 
7142155,3.0,2.0,1.0,5.0,6.0,4.0,1,3,2,895000,298333,3,1,300000, ,1, ,10800, 
7142169,3.0,2.0,1.0,5.0,6.0,4.0,1,4,2,1241250,413750,3,1,5000000, ,2, ,42000, 
7142172,3.0,2.0,1.0,5.0,6.0,4.0,1,1,1,913333,456666,2,1,4000000, ,2, ,38000, 
7142231,2.0,1.0,1.0,1.0,6.0,4.0,1,4,2,60000,15000,4,1,720000,2,1, ,45000,12000
7142246,2.0,2.0,1.0,1.0,6.0,4.0,1,4,3,915000,183000,5,1,6240000,1,1, ,180000, 
7142527,3.0,1.0,2.0,1.0,4.0,1.0,3,4,3,2833333,708333,4,2,40000,2,2, ,85000,22000
7142848,6.0,1.0,3.0,1.0,4.0,4.0,1,1,1,964583,964583,1,1,900000,1,1, ,90000,70000
7143177,9.0,1.0,3.0,1.0,6.0,4.0,2,1,1,216666,216666,1,1,200000, , , ,0, 
7143193,1.0,1.0,1.0,1.0,4.0,1.0,1,4,3,1528333,254722,6,1,5000000,1,2, ,158000,23000
7143375,5.0,1.0,2.0,1.0,4.0,1.0,3,3,1,860333,860333,1,1,388000,1,2, ,33000,18000
7143460,5.0,1.0,2.0,1.0,6.0,1.0,2,3,3,2727282,681820,4,1,180000, ,2, ,42000,26000
7143575,5.0,1.0,3.0,1.0,4.0,3.0,3,1,1,670000,223333,3,2,1560000,1,2, ,0,15000
7143904,7.0,1.0,2.0,1.0,4.0,1.0,1,3,2,1033333,206666,5,1,4800000, ,1, ,45000,6000
7143906,7.0,1.0,2.0,1.0,4.0,1.0,1,3,2,630666,126133,5,1,800000,2,1, ,90000,10000
7144107,,,,,,,,1,1,150000,150000,1,1,600000, , , ,8000, 
7144369,1.0,1.0,2.0,1.0,4.0,1.0,1,3,1,1116666,372222,3,1,2400000, , , ,19300, 
7144521,1.0,2.0,1.0,5.0,6.0,4.0, ,3,1,1068333,1068333,1,1,8880000, , , , , 
7144611,8.0,1.0,1.0,1.0,4.0,1.0,3,3,3,17220833,3444166,5,1,250000,3,2,3,250000, 
7144665,1.0,1.0,2.0,1.0,4.0,1.0,1,3,2,1912648,637549,3,1,200000,2,2, ,0,0
7144679,1.0,1.0,1.0,1.0,4.0,3.0,1,3,2,1393333,348333,4,1,400000, ,1, ,0, 
7144984,2.0,2.0,2.0,1.0,4.0,3.0,2,2,1,772166,193041,4,1,2000, , , ,22000,12000
7145011,2.0,2.0,1.0,1.0,4.0,1.0,2,3,2,2773000,693250,4,3,99,2,2, ,11000,14000
7145023,2.0,2.0,1.0,1.0,4.0,3.0,2,3,2,730000,182500,4,4,99, ,1, ,20800,89900
7145024,2.0,2.0,2.0,1.0,4.0,1.0,2,3,2,875000,218750,4,1,99,1,1, ,14000,7000
7145025,2.0,2.0,1.0,2.0,6.0,2.0,2,2,2,803000,267666,3,1,1236000, ,1, ,20000,10000
7145108,3.0,2.0,1.0,5.0,7.0,4.0,0,2,1,624333,208111,3,1,700000, , , ,0, 
7145129,3.0,2.0,1.0,1.0,6.0,4.0,1,3,1,533333,266666,2,1,400000, ,1, ,25000, 
7145363,3.0,2.0,1.0,1.0,6.0,4.0,1,5,4,1101000,137625,8,5,600000, ,2, ,61000,58000
7145434,3.0,2.0,1.0,3.0,4.0,4.0,1,3,3,818333,136388,6,1,2000000, , , ,40000,17000
7145679,2.0,2.0,1.0,8.0,7.0,4.0, ,2,1,195000,195000,1,1,780000, , , , , 
7145777,2.0,2.0,1.0,1.0,6.0,4.0,2,3,2,255000,63750,4,1,560000,2,2, ,22870, 
7145802,2.0,1.0,2.0,1.0,4.0,4.0,2,2,2,1212166,303041,4,3,1104000,2, , ,4900,4500
7145805,2.0,1.0,1.0,1.0,6.0,4.0,2,3,2,5109000,1277250,4,2,600000,2,1, ,26100, 
7145906,2.0,1.0,2.0,8.0,7.0,4.0,2,3,1,1308333,654166,2,1,200000, ,1, ,38000,22000
7145970,2.0,1.0,1.0,1.0,6.0,4.0,1,3,1,442000,147333,3,1,504000, ,2, ,0, 
7145973,2.0,1.0,1.0,5.0,7.0,4.0,1,4,2,621041,155260,4,4,252500, , , ,0, 
7145979,2.0,1.0,1.0,5.0,6.0,4.0,2,1,1,247416,123708,2,1,189000, , , ,0, 
7146187,,,,,,,,3,2,1347000,673500,2,1,800000,1,1, ,55000, 
7146277,4.0,1.0,1.0,1.0,7.0,4.0,2,2,1,850833,425416,2,1,500000, ,1, ,6700, 
7146621,3.0,1.0,2.0,1.0,4.0,1.0,5,3,1,1005000,1005000,1,1,360000,1,3, ,87000,22000
7146743,3.0,1.0,1.0,1.0,4.0,3.0,2,4,1,1561666,520555,3,1,13000000,2,1, ,30000,8000
7146755,3.0,1.0,1.0,1.0,4.0,3.0,2,4,3,1241500,413833,3,1,1180000,2,1, ,24500,12000
7146760,3.0,1.0,1.0,1.0,4.0,4.0,1,3,2,840000,280000,3,1,240000,1,2,0,16000,15000
7146908,6.0,1.0,2.0,1.0,4.0,1.0,2,2,1,900000,900000,1,1,4800000,1,2, ,18000,13000
7146992,6.0,1.0,2.0,1.0,4.0,1.0,3,4,2,4560000,2280000,2,1,12000000,2,2, ,37161,22018
7146994,6.0,1.0,2.0,1.0,4.0,1.0,3,4,3,1201000,200166,6,1,13200000,3,1, ,53000,35000
7147234,4.0,1.0,2.0,1.0,4.0,1.0,1,3,2,1053833,351277,3,1,606000,2,1, ,21000, 
7147521,1.0,1.0,2.0,1.0,4.0,3.0,4,4,1,2583333,1291666,2,1,98,1,2, ,145000,20000
7147606,1.0,1.0,3.0,5.0,7.0,4.0,1,1,1,708833,177208,4,1,400000, ,2, ,0, 
7147776,1.0,2.0,1.0,8.0,7.0,4.0,1,1,1,768000,192000,4,1,2880000, ,1, ,0, 
7147841,3.0,1.0,1.0,5.0,6.0,4.0,1,1,1,228333,228333,1,1,99, ,1, ,3250, 
7147861,3.0,1.0,1.0,5.0,6.0,4.0,1,3,1,616666,616666,1,1,500000, ,2, ,10000, 
7147974,2.0,1.0,2.0,1.0,6.0,3.0,1,2,1,720000,360000,2,2,360000, ,1, ,55000, 
7148041,4.0,2.0,1.0,2.0,6.0,2.0,1,3,1,550000,550000,1,1,300000, ,1, ,17000, 
7148092,4.0,2.0,1.0,2.0,6.0,2.0,1,2,2,288333,96111,3,1,300000, , , ,8000, 
7148158,4.0,1.0,2.0,1.0,4.0,1.0,1,3,2,733333,366666,2,1,400000,1,1, ,17000,6800
7148354,9.0,1.0,3.0,1.0,4.0,1.0,1,1,1,466666,466666,1,1,1200000, ,2, ,11000, 
7148427,9.0,2.0,1.0,5.0,7.0,4.0,9,1,1,630666,105111,6,1,700000, , , ,20000, 
7148686,1.0,1.0,1.0,5.0,7.0,4.0,0,2,1,1320000,440000,3,1,4800000,1, , ,0, 
7148693,1.0,1.0,1.0,1.0,4.0,4.0,1,4,1,466666,155555,3,1,350000,2,1, ,0, 
7148943,1.0,2.0,3.0,1.0,6.0,4.0,1,1,1,248750,49750,5,1,252500,3, , ,0, 
7149048,8.0,1.0,2.0,1.0,4.0,1.0,3,2,2,2680416,670104,4,2,480000,2,1, ,40000, 
7149102,,,,,,,,3,2,1350033,270006,5,1,40000,3,3,8,0,268000
7149107,1.0,1.0,1.0,1.0,4.0,3.0,1,3,2,1349648,168706,8,3,120000, ,2, ,0, 
7149602,1.0,2.0,1.0,1.0,6.0,4.0,1,3,2,1005000,251250,4,1,900000, ,3, ,22500, 
7149625,5.0,1.0,1.0,1.0,4.0,3.0,2,4,3,2218666,554666,4,2,2264000,2,1, ,20000,16000
7149750,2.0,2.0,1.0,1.0,6.0,3.0,1,3,2,209166,69722,3,1,80000,1,2, ,12000, 
7149765,2.0,2.0,2.0,1.0,6.0,3.0,1,2,1,603000,201000,3,1,1236000, , , ,10000,13000
7149788,2.0,2.0,1.0,1.0,6.0,3.0,2,3,1,216750,216750,1,1,120000, , , ,12000, 
7149791,2.0,2.0,1.0,1.0,4.0,4.0,1,2,1,1426166,475388,3,1,550000,2,1, ,20000,35000
7149795,2.0,2.0,1.0,1.0,4.0,4.0,1,2,1,502500,167500,3,1,600000, , , ,36000,30000
7149797,2.0,2.0,1.0,1.0,6.0,4.0,1,3,2,410000,102500,4,1,600000, ,1, ,25000,35000
7149811,2.0,2.0,1.0,1.0,6.0,4.0,1,2,2,566666,141666,4,1,800000, , , ,30000, 
7149821,2.0,2.0,1.0,1.0,4.0,3.0,1,3,2,2134166,533541,4,3,1000000,2,1, ,30000, 
7149828,2.0,2.0,1.0,1.0,6.0,3.0,1,4,3,620833,103472,6,5,1000000,2,1, ,25000, 
7149848,2.0,2.0,1.0,6.0,6.0,4.0,1,3,2,686666,228888,3,1,1200000, ,1, ,36000, 
7149860,2.0,2.0,1.0,1.0,4.0,3.0,0,3,2,1260000,420000,3,1,1200000, , , ,10000, 
7149864,2.0,2.0,1.0,1.0,4.0,3.0,0,3,1,540000,270000,2,2,2880000, ,2, ,19000, 
7149866,2.0,2.0,1.0,1.0,4.0,3.0,0,2,1,750000,375000,2,1,1200000, ,2, ,18500, 
7149871,2.0,2.0,1.0,1.0,4.0,3.0,0,3,2,800000,266666,3,1,2400000, ,2,0,16000, 
7149925,3.0,2.0,1.0,5.0,6.0,4.0,0,2,1,558333,558333,1,1,4000000, ,1, ,12000, 
7149949,3.0,1.0,1.0,1.0,6.0,3.0,1,3,2,1136666,227333,5,2,200000, , , ,50000, 
7149961,3.0,1.0,1.0,1.0,4.0,1.0,2,4,3,3576666,894166,4,4,13000000,2,2,2,33500,30000
7150471,2.0,2.0,1.0,8.0,7.0,4.0,1,5,3,2511000,627750,4,3,792000,3,2, ,30000, 
7150484,2.0,2.0,1.0,5.0,7.0,4.0,1,1,1,392000,130666,3,1,384000, , , ,40000, 
7150727,,,,,,,,2,1,1285833,257166,5,2,160000,2,2, ,72000, 
7150727,,,,,,,,2,1,1285833,257166,5,1,160000,2,2, ,72000, 
7150756,7.0,1.0,2.0,1.0,4.0,1.0,2,3,2,2355000,1177500,2,1,400000,2,1,2,31000,8000
7151333,4.0,2.0,1.0,1.0,6.0,3.0,1,4,3,416666,138888,3,2,200000, , , ,30000, 
7151383,3.0,1.0,1.0,1.0,4.0,1.0,2,4,3,4553232,1138308,4,2,4800000,1,3,1,24700,15000
7151587,3.0,1.0,2.0,1.0,4.0,1.0,1,3,2,1626657,406664,4,2,720000, , , ,20000,10000
7152206,6.0,1.0,2.0,1.0,6.0,4.0,1,1,1,250000,250000,1,1,99,2,3, ,50000, 
7152253,6.0,2.0,1.0,1.0,7.0,3.0,1,1,1,1931233,482808,4,4,800000, ,2, ,20000, 
7152337,6.0,2.0,2.0,1.0,6.0,3.0,1,3,2,1608949,321789,5,1,1600000, ,2, ,24000, 
7152351,6.0,2.0,1.0,5.0,7.0,3.0,1,1,1,1106666,158095,7,1,1400000, ,2, ,50000, 
7152360,6.0,2.0,1.0,5.0,7.0,4.0, ,1,1,361666,361666,1,1,200000, , , , , 
7152693,4.0,1.0,1.0,1.0,4.0,4.0,1,3,1,264166,132083,2,1,980000,2,1, ,34000, 
7152729,9.0,1.0,1.0,8.0,7.0,4.0,1,3,2,1297500,216250,6,1,120000, , , ,20000, 
7152881,9.0,2.0,1.0,5.0,5.0,4.0, ,4,1,950000,316666,3,1,1800000, , , , , 
7152949,9.0,2.0,1.0,5.0,4.0,4.0,0,3,1,3100000,1550000,2,2,12000000, ,2, ,18000, 
7152959,9.0,2.0,2.0,5.0,6.0,4.0,1,7,4,1350000,337500,4,1,6000000,2,1, ,22000, 
7152964,9.0,2.0,3.0,5.0,6.0,4.0,1,2,1,1016666,1016666,1,1,2000000, , , ,0, 
7153003,9.0,2.0,1.0,5.0,5.0,4.0,8,3,2,2350000,783333,3,1,12000000, , , ,0, 
7153006,9.0,2.0,1.0,5.0,5.0,4.0,8,2,1,2050000,683333,3,1,12000000, , , ,0, 
7153038,9.0,2.0,1.0,5.0,5.0,4.0,8,3,2,2025000,337500,6,1,12000000, , , ,0, 
7153073,9.0,1.0,2.0,1.0,4.0,3.0,2,3,2,2875305,575061,5,1,30000,2,2, ,53000,12000
7153078,9.0,1.0,1.0,1.0,6.0,3.0,1,3,2,904166,301388,3,1,50000, ,1, ,24000,4000
7153366,1.0,1.0,2.0,1.0,4.0,1.0,3,3,2,2133333,533333,4,1,800000,2,2,1,130000,60000
7153424,1.0,2.0,1.0,1.0,6.0,3.0,2,3,2,311666,51944,6,1,420000, ,2, ,30000,25000
7153509,1.0,2.0,1.0,1.0,6.0,3.0,1,3,1,166666,83333,2,1,200000, ,1, ,13000, 
7153549,1.0,2.0,1.0,1.0,6.0,3.0,1,3,1,169166,169166,1,1,420000, ,1, ,30000, 
7153550,1.0,2.0,1.0,3.0,6.0,4.0,1,2,1,410000,82000,5,1,300000,3,2, ,0, 
7153999,3.0,2.0,1.0,4.0,6.0,4.0,1,3,3,586166,195388,3,1,200000, ,1, ,15000,35000
7154087,3.0,2.0,1.0,1.0,7.0,4.0,1,1,1,1266449,316612,4,1,4000000,2,3, ,25000, 
7154118,,,,,,,,2,1,1298666,432888,3,1,800000,2,2, ,14000,7000
7154235,2.0,2.0,1.0,1.0,6.0,4.0,1,3,2,1646833,235261,7,1,150000, ,2, ,46000,0
7154280,7.0,1.0,2.0,1.0,4.0,1.0,1,3,2,1110000,370000,3,1,1600000, ,2,1,0,77000
7154745,9.0,1.0,2.0,1.0,6.0,4.0,1,3,2,3130000,1043333,3,2,300000,2,2,8,150000, 
7154771,9.0,1.0,1.0,1.0,6.0,4.0, ,2,1,1316666,1316666,1,1,2000000, , , , , 
7154996,1.0,2.0,1.0,4.0,7.0,4.0,0,3,1,161666,80833,2,1,800000,1, , ,0, 
7155068,1.0,2.0,1.0,4.0,6.0,6.0,1,2,2,332500,66500,5,1,950000,2, , ,30000, 
7155222,1.0,2.0,1.0,3.0,7.0,4.0,1,3,2,839333,167866,5,1,470000,2,1, ,45000, 
7155293,3.0,1.0,1.0,1.0,6.0,4.0,3,4,3,2158116,719372,3,1,480000,2,2, ,81000,45000
7155346,3.0,1.0,1.0,1.0,6.0,4.0,1,4,3,285000,95000,3,1,200000, , , ,12000, 
7155673,2.0,2.0,1.0,1.0,6.0,4.0,2,4,3,458333,458333,1,1,1400000,1,2, ,37000, 
7155684,2.0,2.0,1.0,2.0,6.0,4.0,2,5,1,2295833,1147916,2,1,1400000, ,2, ,27000, 
7155882,7.0,2.0,1.0,1.0,6.0,4.0,2,4,2,975000,325000,3,1,3000000, ,2, ,75000,38000
7156013,3.0,2.0,1.0,1.0,6.0,4.0,2,2,2,466666,233333,2,1,200000, ,1, ,14000, 
7156016,3.0,2.0,1.0,1.0,6.0,4.0,2,3,2,283333,94444,3,1,200000, ,2, ,100000, 
7156138,3.0,2.0,1.0,1.0,2.0,4.0,2,2,2,1026116,513058,2,1,99, ,1, ,40000, 
7156144,3.0,2.0,1.0,1.0,4.0,3.0,1,1,1,1400149,466716,3,1,400000, , , ,0, 
7156145,3.0,2.0,1.0,1.0,4.0,3.0,1,1,1,1097649,365883,3,1,400000, , , ,0, 
7156268,3.0,1.0,1.0,1.0,4.0,4.0,2,4,3,1114314,185719,6,1,50000, , , ,20000,15000
7156281,3.0,2.0,1.0,1.0,4.0,3.0,1,2,1,165000,41250,4,2,600000,1,2, ,10000, 
7156685,6.0,1.0,2.0,1.0,6.0,1.0,2,3,1,2018000,672666,3,1,10000000, ,1, ,20000, 
7156738,1.0,2.0,1.0,1.0,4.0,3.0,1,5,2,1800000,600000,3,1,2400000,4,2, ,44790, 
7156958,9.0,2.0,1.0,5.0,5.0,4.0, ,2,2,398333,36212,11,1,700000, , , , , 
7157283,9.0,1.0,1.0,1.0,6.0,4.0,9,2,1,445000,445000,1,1,300000, , , ,8000, 
7157465,1.0,2.0,1.0,3.0,7.0,4.0,1,2,2,1053333,351111,3,1,1400000,3,1, ,10000, 
7157470,8.0,1.0,1.0,1.0,4.0,1.0,2,3,2,3866333,1288777,3,1,384000,2,2, ,75000, 
7157472,8.0,1.0,2.0,1.0,4.0,3.0,2,2,1,1428416,714208,2,1,280000,2,2, ,35000, 
7157978,1.0,1.0,1.0,1.0,6.0,4.0,1,2,1,1310333,655166,2,1,3000000, , , ,45000,12000
7158188,2.0,1.0,1.0,1.0,4.0,3.0,2,2,1,1250833,625416,2,1,280000, ,2, ,15000,13000
7158330,3.0,2.0,1.0,1.0,4.0,4.0,1,5,3,1118333,279583,4,2,2100000, ,1, ,24000, 
7158358,3.0,1.0,1.0,1.0,6.0,4.0,1,3,2,1009083,168180,6,6,1000000, ,1, ,20000, 
7158400,3.0,1.0,1.0,1.0,6.0,4.0,1,3,2,873100,218275,4,3,300000, , , ,29000, 
7158617,3.0,1.0,2.0,1.0,4.0,4.0,2,4,3,2037166,679055,3,1,1600000, ,1, ,9500,5000
7159276,4.0,1.0,1.0,5.0,5.0,4.0,1,3,2,1127500,375833,3,1,3690000,1, , ,15000, 
7159280,4.0,1.0,1.0,1.0,4.0,1.0,1,4,3,1108666,277166,4,1,580000,2,1, ,24000, 
7159294,4.0,1.0,3.0,5.0,5.0,4.0,1,1,1,703333,703333,1,1,1460000, ,1, ,15000, 
7159300,4.0,1.0,1.0,5.0,5.0,4.0,1,3,3,850000,121428,7,4,580000,1,1, ,65000, 
7159306,4.0,1.0,1.0,5.0,5.0,4.0,1,3,2,1960000,490000,4,4,2340000,1,1, ,40000, 
7159316,4.0,1.0,1.0,1.0,6.0,1.0,1,3,2,927500,231875,4,1,990000, ,1, ,25000, 
7159317,4.0,1.0,2.0,1.0,6.0,1.0,1,4,3,1580000,395000,4,1,900000,2,1, ,15000, 
7159326,4.0,1.0,1.0,1.0,6.0,4.0,1,3,1,735000,183750,4,3,580000, ,1, ,20000, 
7159331,4.0,1.0,1.0,5.0,5.0,4.0,1,2,1,250000,125000,2,1,800000, ,1, ,15000, 
7159334,4.0,1.0,2.0,1.0,4.0,1.0,1,3,2,1181666,590833,2,1,500000, ,1, ,47000, 
7159339,4.0,1.0,1.0,1.0,4.0,1.0,1,4,3,1554166,518055,3,1,470000,1,3, ,70000, 
7159340,4.0,1.0,1.0,1.0,6.0,1.0,1,2,1,3285520,657104,5,4,997000,3,1, ,15000, 
7159345,4.0,1.0,1.0,5.0,5.0,4.0,1,3,1,666666,333333,2,1,800000, ,2, ,30000, 
7159356,4.0,1.0,1.0,5.0,5.0,4.0,1,3,2,1839949,367989,5,5,840000, ,1, ,21000, 
7159358,4.0,1.0,1.0,1.0,6.0,4.0,1,3,2,1646916,235273,7,6,995000, , , ,32000, 
7159363,4.0,1.0,1.0,1.0,6.0,1.0,1,5,4,2231666,247962,9,1,800000, ,1, ,20000, 
7159378,4.0,2.0,1.0,1.0,6.0,4.0,1,3,1,754416,377208,2,1,533000, ,1, ,30000, 
7159390,4.0,2.0,1.0,5.0,6.0,4.0,1,4,3,925000,308333,3,1,900000, ,1, ,35000, 
7159654,3.0,2.0,1.0,1.0,4.0,3.0,2,2,2,1147000,382333,3,1,408000,1,2, ,86000, 
7160282,4.0,1.0,1.0,1.0,4.0,4.0,1,5,4,3433333,858333,4,1,800000,3,3, ,40000, 
7160469,4.0,2.0,1.0,5.0,5.0,4.0, ,4,2,313833,156916,2,1,1433000, , , , , 
7160682,9.0,2.0,1.0,1.0,6.0,3.0,1,3,2,545000,272500,2,1,600000, , , ,2000, 
7161347,3.0,2.0,1.0,5.0,6.0,4.0,1,4,2,1580000,526666,3,1,6000000, ,1, ,40000, 
7161705,7.0,1.0,2.0,1.0,4.0,1.0,1,4,3,490000,81666,6,5,700000,1,2, ,69500,45000
7161713,7.0,1.0,2.0,1.0,4.0,1.0,1,4,2,3072125,1024041,3,1,420000,1,2, ,24000,8200
7161716,4.0,1.0,3.0,1.0,4.0,1.0,1,1,1,1115833,223166,5,3,180000,1,3,2,120000, 
7161898,3.0,1.0,3.0,1.0,2.0,2.0,3,1,1,753000,376500,2,1,408000, ,1, ,20000, 
7161961,6.0,1.0,2.0,1.0,4.0,1.0,2,5,3,2740500,685125,4,1,1000000,2,2, ,32000,10000
7162452,9.0,1.0,1.0,1.0,4.0,4.0,2,5,4,3405666,851416,4,1,540000,3,1, ,39000,43000
7162492,1.0,1.0,1.0,1.0,4.0,1.0,2,3,2,1286032,183718,7,1,800000,2,2, ,75000,30000
7162714,1.0,1.0,1.0,4.0,6.0,4.0,1,2,1,1233333,205555,6,3,280000, , , ,35000,53000
7163142,1.0,1.0,1.0,1.0,6.0,1.0,1,3,2,2102864,525716,4,2,56000,2,2,2,170000,10000
7163150,1.0,1.0,2.0,1.0,4.0,3.0,4,4,2,1541666,513888,3,1,500000,3,2,2,170000,30000
7163255,1.0,1.0,1.0,1.0,4.0,3.0,1,3,2,465000,116250,4,4,900000, ,1, ,73000,20000
7163267,1.0,1.0,1.0,1.0,6.0,3.0,2,1,1,700000,350000,2,1,1200000, , , ,25000,30000
7163617,1.0,2.0,1.0,5.0,7.0,4.0,9,2,2,2521666,420277,6,1,12400000,3,2, ,0, 
7163818,2.0,2.0,1.0,6.0,6.0,4.0,1,3,2,1555000,388750,4,1,1200000,2, , ,4000, 
7163828,2.0,2.0,1.0,5.0,5.0,3.0,1,2,2,502000,251000,2,1,120000, ,2, ,11000, 
7163833,2.0,2.0,1.0,1.0,6.0,4.0,1,3,2,825000,206250,4,2,1200000, ,1, ,16000, 
7163836,2.0,2.0,1.0,1.0,6.0,4.0,1,2,1,381666,190833,2,1,120000, ,1, ,22000, 
7163837,2.0,2.0,1.0,6.0,4.0,4.0,1,4,2,975000,243750,4,1,1200000,1,1, ,6000, 
7163839,2.0,2.0,3.0,1.0,4.0,4.0,1,2,1,406666,203333,2,2,2000000,1,2, ,19500, 
7163841,2.0,2.0,1.0,1.0,6.0,4.0,0,4,3,650000,108333,6,1,1200000,2,1, ,0, 
7163847,2.0,2.0,1.0,1.0,6.0,4.0,0,3,2,1500000,375000,4,4,1200000, , , ,9000, 
7163849,2.0,2.0,1.0,1.0,6.0,4.0,1,3,2,475000,158333,3,2,900000,2, , ,10000, 
7163850,2.0,2.0,1.0,7.0,6.0,4.0,1,3,2,360000,90000,4,1,600000, , , ,7300, 
7163851,2.0,2.0,1.0,1.0,6.0,3.0,0,3,2,1450000,362500,4,1,1200000, , , ,0, 
7163858,2.0,2.0,1.0,1.0,6.0,3.0,0,3,2,460000,230000,2,1,720000, , , ,6000, 
7163862,2.0,2.0,1.0,5.0,6.0,4.0,1,3,1,420000,210000,2,1,600000,1, , ,10000, 
7163880,2.0,2.0,1.0,1.0,6.0,2.0,1,4,2,705000,235000,3,1,2400000,2,2, ,12000, 
7163887,2.0,2.0,1.0,1.0,6.0,3.0,1,3,2,705000,176250,4,1,1200000,2,2, ,25000, 
7163897,2.0,2.0,3.0,1.0,4.0,3.0,1,1,1,183333,183333,1,1,99, , , ,20000, 
7163902,2.0,2.0,1.0,1.0,6.0,3.0,0,4,3,970000,242500,4,1,1200000,2,2, ,25000, 
7163907,2.0,2.0,1.0,1.0,6.0,4.0,1,3,3,1075000,215000,5,1,1200000, , , ,35000, 
7163908,2.0,2.0,1.0,1.0,6.0,3.0,1,2,2,1832666,916333,2,1,2400000, ,2, ,30000, 
7163909,2.0,2.0,1.0,1.0,6.0,3.0,1,5,5,1513333,189166,8,1,200000,2,2, ,0, 
7163918,2.0,2.0,1.0,1.0,4.0,3.0,1,4,3,1500000,214285,7,1,600000, ,1, ,34000, 
7163932,2.0,2.0,1.0,1.0,7.0,3.0,1,3,2,883333,176666,5,1,1000000, , , ,30000, 
7163936,2.0,2.0,1.0,1.0,4.0,3.0,1,3,2,1100000,275000,4,1,1200000,1,2, ,15000, 
7163942,2.0,2.0,1.0,1.0,4.0,3.0,1,2,1,375000,375000,1,1,1200000, ,2, ,11000, 
7163945,2.0,2.0,1.0,5.0,6.0,4.0,1,3,3,1762500,352500,5,1,1800000, ,1, ,15000, 
7163947,2.0,2.0,1.0,1.0,6.0,4.0,1,2,1,600000,200000,3,1,1200000, , , ,10000, 
7163954,2.0,2.0,1.0,5.0,5.0,4.0,1,4,3,2723333,544666,5,1,100000, , , ,14000, 
7163957,2.0,2.0,1.0,6.0,6.0,4.0,1,3,2,300000,100000,3,3,300000, ,1, ,12000, 
7163968,2.0,2.0,1.0,5.0,5.0,3.0,1,4,4,1598333,319666,5,1,2500000,2,2, ,37000, 
7163969,2.0,2.0,1.0,5.0,5.0,4.0,0,1,1,600000,300000,2,1,99, ,1, ,10000, 
7163972,2.0,2.0,1.0,2.0,7.0,4.0,1,2,1,270000,270000,1,1,1440000, , , ,12000, 
7163974,2.0,2.0,1.0,1.0,6.0,3.0,1,3,2,636666,106111,6,2,200000,2,1, ,12000, 
7163977,2.0,2.0,1.0,1.0,4.0,3.0,1,3,2,550000,183333,3,1,1200000, , , ,15000, 
7163978,2.0,2.0,1.0,1.0,6.0,3.0,0,2,2,965000,241250,4,4,99,2, , ,15000, 
7164293,2.0,2.0,1.0,5.0,2.0,5.0,1,3,3,2015000,403000,5,5,4500000,2,3, ,35000, 
7164346,2.0,2.0,1.0,1.0,6.0,4.0,2,3,2,1097166,274291,4,1,80000,1,2, ,30500, 
7164354,2.0,2.0,1.0,1.0,4.0,4.0,2,4,2,2646666,661666,4,1,960000,1,2, ,22000, 
7165118,7.0,1.0,2.0,1.0,4.0,1.0,1,5,4,5811500,830214,7,5,2040000,3,2, ,108000,18000
7165129,7.0,1.0,2.0,1.0,6.0,1.0,1,3,2,961866,160311,6,1,825000, ,1,0,26300,12000
7165136,7.0,1.0,2.0,1.0,6.0,1.0,1,5,2,1233860,411286,3,3,800000, ,2, ,60000,10000
7165145,7.0,1.0,2.0,1.0,6.0,1.0,1,3,2,1670782,334156,5,2,1400000, ,2, ,50000,10000
7165154,7.0,2.0,1.0,5.0,5.0,4.0,0,2,1,666666,333333,2,1,300000, , , ,0, 
7165162,7.0,2.0,1.0,1.0,6.0,4.0,0,3,2,978000,326000,3,1,1800000, ,2, ,0, 
7165163,7.0,2.0,1.0,5.0,6.0,4.0,0,2,1,135000,45000,3,1,900000, , , ,0, 
7165168,7.0,2.0,1.0,1.0,6.0,3.0,1,4,3,850000,283333,3,1,600000,3, , ,40000, 
7165172,7.0,2.0,1.0,1.0,6.0,3.0,1,3,2,516666,172222,3,1,1800000, , , ,40000, 
7165174,7.0,2.0,1.0,1.0,6.0,3.0,1,5,3,800000,266666,3,1,1800000, ,1, ,20000,7000
7165175,7.0,2.0,1.0,1.0,6.0,1.0,1,6,3,786666,157333,5,1,500000, ,2, ,52000,25000
7165176,7.0,2.0,1.0,1.0,6.0,3.0,1,5,2,978116,489058,2,1,1800000,3,1, ,110000,15000
7165178,7.0,2.0,1.0,1.0,6.0,3.0,1,4,2,317500,158750,2,1,750000, ,2, ,37000,14500
7165295,7.0,2.0,2.0,1.0,4.0,1.0,1,5,4,2398949,479789,5,1,200000,3,1, ,55000,35000
7165388,4.0,1.0,2.0,1.0,4.0,1.0,3,4,3,3967666,793533,5,3,1000000,2,2, ,60000, 
7165414,4.0,1.0,1.0,1.0,4.0,3.0,2,4,3,1630000,407500,4,1,1200000, ,2,3,54000, 
7165422,4.0,2.0,1.0,1.0,6.0,1.0,1,4,3,2124750,354125,6,1,215000,1,1, ,160000, 
7165435,4.0,2.0,1.0,2.0,6.0,1.0,1,3,1,725000,362500,2,1,300000,2,1, ,22000, 
7165451,4.0,2.0,3.0,1.0,4.0,3.0,1,3,3,722333,240777,3,1,1400000, , , ,23000, 
7165453,4.0,2.0,3.0,1.0,6.0,3.0,1,1,1,483333,161111,3,1,1400000, , , ,5000, 
7165456,4.0,2.0,1.0,1.0,6.0,1.0,1,3,2,508333,169444,3,1,1400000, , , ,18000, 
7165461,4.0,2.0,3.0,1.0,4.0,3.0,1,1,1,415333,207666,2,1,400000, , , ,5000, 
7165466,4.0,1.0,3.0,2.0,6.0,2.0,1,1,1,986449,328816,3,1,98, , , ,38000, 
7165468,4.0,1.0,2.0,1.0,4.0,1.0,1,2,1,233333,116666,2,1,1300000, ,2, ,25000, 
7165519,4.0,2.0,1.0,1.0,5.0,4.0,0,3,2,331666,82916,4,1,400000, ,1, ,10000, 
7165809,3.0,2.0,1.0,6.0,4.0,3.0,1,3,2,737500,245833,3,1,450000,2,1, ,30000, 
7165859,3.0,2.0,1.0,1.0,4.0,2.0,2,2,2,1868533,622844,3,1,336000, ,1, ,160000, 
7165861,3.0,2.0,1.0,1.0,4.0,3.0,2,3,2,2039000,509750,4,2,672000,2,2, ,160000, 
7165934,3.0,1.0,2.0,1.0,4.0,1.0,2,3,2,1058116,529058,2,1,360000, ,2, ,60000,10000
7165973,3.0,1.0,2.0,1.0,4.0,4.0,1,2,2,1610000,268333,6,1,900000, , , ,32000, 
7166176,3.0,1.0,1.0,1.0,6.0,3.0,2,4,3,3945750,657625,6,1,189000, ,3, ,21500, 
7166246,3.0,2.0,1.0,1.0,4.0,4.0,1,2,1,305000,152500,2,1,780000, ,1, ,18000, 
7166521,3.0,1.0,2.0,1.0,6.0,4.0,2,3,2,507833,253916,2,2,266000, ,1, ,15000,14000
7166623,6.0,1.0,2.0,1.0,4.0,1.0,3,3,2,4407666,1101916,4,1,600000,2,3,2,25307,53353
7166752,6.0,2.0,1.0,1.0,4.0,3.0,1,4,3,1378000,172250,8,1,1000000,3,2, ,100000, 
7166769,6.0,2.0,1.0,1.0,6.0,4.0,1,4,3,433333,216666,2,1,300000, ,1, ,20000, 
7166775,6.0,1.0,1.0,5.0,7.0,4.0,1,2,1,212500,70833,3,1,1200000,3,1, ,50000,32000
7167046,4.0,1.0,1.0,1.0,4.0,4.0,1,3,1,1258333,629166,2,2,1300000, ,2, ,28000, 
7167049,4.0,1.0,2.0,1.0,4.0,4.0,1,4,3,223416,44683,5,1,586000,2,1, ,35000, 
7167063,4.0,1.0,1.0,1.0,6.0,4.0,1,3,2,228333,76111,3,1,1300000, , , ,10200, 
7167068,4.0,1.0,1.0,1.0,4.0,4.0,1,5,4,2047500,341250,6,1,600000,2,3, ,67000, 
7167103,4.0,1.0,2.0,1.0,4.0,1.0,1,2,1,998166,499083,2,1,548000, ,2, ,24200, 
7167217,4.0,1.0,1.0,5.0,5.0,4.0,1,3,1,794500,794500,1,1,2934000, ,2, ,87000, 
7167584,9.0,1.0,2.0,1.0,4.0,4.0,2,2,1,1533333,1533333,1,1,1600000,1,2, ,30000, 
7167813,9.0,1.0,2.0,1.0,6.0,4.0,1,3,2,1830000,915000,2,1,2400000, ,3, ,77000, 
7167876,9.0,2.0,1.0,5.0,6.0,4.0,8,4,2,964583,241145,4,1,415000,1, , ,0, 
7167879,9.0,2.0,1.0,5.0,5.0,4.0, ,3,1,800000,800000,1,1,6000000, , , , , 
7167888,9.0,2.0,1.0,5.0,5.0,4.0, ,2,1,1059166,264791,4,1,2000000, , , , , 
7167892,9.0,2.0,1.0,5.0,5.0,4.0, ,2,1,366666,366666,1,1,2000000, , , , , 
7167902,9.0,2.0,1.0,5.0,5.0,4.0,8,4,2,1972666,493166,4,1,8000000, , , ,0, 
7167910,9.0,2.0,1.0,5.0,6.0,4.0, ,1,1,1140666,285166,4,1,2000000, , , , , 
7167915,9.0,2.0,1.0,5.0,7.0,4.0,8,4,3,1248333,249666,5,1,1300000, , , ,0, 
7167923,9.0,2.0,1.0,5.0,5.0,4.0, ,3,1,390000,390000,1,1,1800000, , , , , 
7167928,9.0,2.0,1.0,5.0,5.0,4.0, ,2,1,400000,400000,1,1,1800000, , , , , 
7167930,9.0,2.0,1.0,5.0,5.0,4.0, ,4,1,1413333,1413333,1,1,4000000, , , , , 
7167933,9.0,2.0,1.0,5.0,7.0,4.0, ,2,1,200000,200000,1,1,1800000, , , , , 
7167935,9.0,2.0,1.0,5.0,5.0,4.0, ,6,2,2040000,510000,4,1,1800000,2,1, , , 
7167939,9.0,2.0,1.0,5.0,5.0,4.0, ,2,1,1233333,1233333,1,1,4000000, , , , , 
7167949,9.0,2.0,1.0,5.0,5.0,4.0,8,4,2,1394166,348541,4,1,8000000, , , ,0, 
7167950,9.0,2.0,1.0,5.0,5.0,4.0, ,3,1,1576666,1576666,1,1,3800000, , , , , 
7167951,9.0,2.0,1.0,5.0,6.0,4.0,8,5,3,1102000,367333,3,2,9000000, , , ,0, 
7168052,1.0,2.0,1.0,1.0,4.0,4.0,1,4,3,1056666,132083,8,1,1600000,2,1, ,180000,52000
7168394,1.0,2.0,1.0,1.0,6.0,3.0,9,3,2,1301125,260225,5,3,1008000,3,2, ,0, 
7168965,2.0,2.0,1.0,1.0,6.0,3.0,2,3,1,1273333,636666,2,1,400000, ,1, ,17000, 
7169484,2.0,2.0,1.0,1.0,4.0,4.0,1,3,2,480000,160000,3,1,960000,1,1, ,29000, 
7169892,2.0,1.0,1.0,1.0,6.0,4.0,1,3,2,1875000,625000,3,3,2700000, ,1, ,30000,2000
7170066,4.0,2.0,1.0,1.0,6.0,3.0,1,4,2,788833,157766,5,5,700000, , , ,14400, 
7170520,1.0,1.0,2.0,1.0,4.0,3.0,1,3,2,3564666,891166,4,2,736000, ,2, ,101000,25000
7170853,9.0,1.0,1.0,5.0,5.0,4.0,1,2,1,3191833,1595916,2,1,200000,2, , ,30000, 
7170855,9.0,1.0,1.0,1.0,7.0,4.0,1,3,2,705000,352500,2,1,720000, , , ,45000, 
7170928,9.0,1.0,1.0,5.0,5.0,4.0,1,5,2,1230000,615000,2,1,480000, ,2, ,7000, 
7171340,1.0,2.0,1.0,1.0,4.0,4.0,1,3,2,941333,313777,3,1,336000,2,3,1,44600,10000
7171381,1.0,1.0,1.0,1.0,6.0,3.0,1,4,3,3329333,554888,6,1,112000, ,1, ,65000,43000
7171407,1.0,1.0,1.0,1.0,6.0,3.0,1,3,2,1095000,365000,3,1,1200000, ,2, ,0, 
7171524,3.0,1.0,1.0,5.0,6.0,4.0,2,4,3,623333,207777,3,1,800000, ,2, ,46000, 
7171609,2.0,1.0,2.0,1.0,4.0,3.0,2,1,1,383333,383333,1,1,1800000, , , ,25000, 
7171747,2.0,1.0,1.0,1.0,4.0,4.0,1,3,2,1527500,509166,3,1,300000,2,1, ,28000,10000
7171770,2.0,1.0,1.0,1.0,4.0,1.0,2,3,2,4202500,2101250,2,1,140000,2,2, ,28000,1000
7171773,2.0,1.0,1.0,1.0,6.0,4.0,1,4,3,950000,237500,4,1,1440000,3,2, ,20000,14000
7171778,2.0,1.0,1.0,1.0,7.0,4.0,1,4,2,2116333,352722,6,1,2000000, ,1, ,18000, 
7172043,2.0,1.0,1.0,1.0,4.0,3.0,2,4,2,4666666,933333,5,1,2000000,2,3, ,300000, 
7172046,2.0,2.0,1.0,5.0,6.0,4.0,2,2,1,214375,214375,1,1,252500, ,1, ,22000, 
7172048,2.0,2.0,1.0,1.0,6.0,4.0,2,1,1,363333,121111,3,2,760000, ,1, ,370000, 
7172054,2.0,2.0,1.0,5.0,6.0,4.0,1,3,2,1956666,326111,6,4,800000,2,2, ,30000, 
7172055,2.0,2.0,1.0,5.0,7.0,4.0,1,3,2,1430833,238472,6,3,864000, , , ,30000, 
7172056,2.0,2.0,1.0,8.0,7.0,4.0,1,3,2,591333,197111,3,1,616000,1,1, ,0, 
7172199,4.0,1.0,2.0,1.0,6.0,1.0,1,3,2,1518616,506205,3,1,117000, ,1, ,11700,7800
7172201,4.0,1.0,1.0,1.0,4.0,3.0,4,5,3,2268333,567083,4,2,720000,2,2, ,70000,30000
7172227,3.0,2.0,1.0,1.0,6.0,4.0,1,2,2,2254166,450833,5,1,90000, ,1, ,320000, 
7172270,6.0,1.0,2.0,1.0,6.0,2.0,2,4,3,1940000,646666,3,1,960000, ,1, ,15000,45000
7172272,,,,,,,,3,2,350833,116944,3,1,70000, ,1, ,70000,53000
7172275,6.0,1.0,2.0,1.0,4.0,1.0,5,5,3,5116666,1705555,3,1,1200000,2,1, ,110000,110000
7172301,6.0,1.0,2.0,1.0,4.0,1.0,1,3,2,1213000,606500,2,2,2400000, ,1, ,34000,34000
7172612,1.0,2.0,1.0,1.0,4.0,3.0,1,3,2,2052032,1026016,2,1,360000, ,2, ,88000,32000
7172616,1.0,2.0,1.0,1.0,4.0,3.0,1,3,2,3299397,659879,5,2,720000,4,2,1,52000,25000
7173097,9.0,1.0,2.0,1.0,4.0,3.0,2,3,2,2025000,675000,3,1,1500000,2,3, ,0, 
7173343,1.0,1.0,1.0,1.0,4.0,3.0,2,3,2,3375000,843750,4,1,99,3,2,1,60000,37000
7173523,1.0,1.0,1.0,1.0,6.0,3.0,1,3,2,578166,192722,3,1,1758000,2,2, ,30000,21000
7173819,2.0,2.0,1.0,1.0,6.0,4.0,1,3,3,495000,123750,4,1,1200000, , , ,20000, 
7173836,2.0,2.0,1.0,1.0,5.0,3.0,1,1,1,600000,600000,1,1,1200000, ,2, ,5000, 
7173843,2.0,2.0,1.0,5.0,5.0,4.0,1,3,1,375000,375000,1,1,900000, ,1, ,2000, 
7173844,2.0,2.0,1.0,1.0,6.0,4.0,1,2,1,230000,230000,1,1,99, , , ,3000, 
7173848,2.0,2.0,1.0,1.0,6.0,4.0,1,3,2,500000,250000,2,2,2400000, , , ,8000, 
7174143,4.0,2.0,1.0,5.0,5.0,4.0,1,1,1,551666,137916,4,1,1400000, ,2, ,7000, 
7174602,2.0,2.0,1.0,1.0,4.0,4.0,2,4,2,1937000,387400,5,3,1080000, ,2, ,60000, 
7174633,2.0,1.0,1.0,1.0,4.0,4.0,2,3,2,1861500,465375,4,2,330000, ,2, ,41500,20000
7174795,2.0,2.0,1.0,2.0,7.0,4.0, ,2,1,480000,480000,1,1,900000, , , , , 
7175382,4.0,1.0,1.0,1.0,6.0,4.0,1,4,2,948666,189733,5,5,770000, , , ,42000, 
7175391,4.0,1.0,2.0,1.0,4.0,3.0,1,3,2,1182500,394166,3,2,750000, , , ,80000, 
7175393,4.0,1.0,1.0,5.0,6.0,4.0,1,3,2,1649782,329956,5,5,1100000,2,1, ,32400, 
7175424,4.0,2.0,1.0,5.0,6.0,4.0,8,7,2,953333,476666,2,1,400000, , , ,5000, 
7175430,4.0,1.0,1.0,1.0,6.0,4.0,1,4,3,4655792,581974,8,7,900000, , , ,114000, 
7175431,4.0,1.0,1.0,1.0,6.0,4.0,1,3,2,1185833,148229,8,8,1000000, ,1, ,50000, 
7175435,4.0,1.0,1.0,5.0,5.0,4.0,1,3,3,3742500,467812,8,3,1700000, , , ,36000, 
7175436,4.0,1.0,2.0,1.0,6.0,4.0,1,1,1,950000,950000,1,1,600000,1, , ,30000, 
7175633,3.0,2.0,1.0,1.0,4.0,2.0,2,3,3,1836000,459000,4,1,360000,2,2, ,38000, 
7176044,3.0,2.0,1.0,1.0,6.0,2.0,1,4,2,700000,233333,3,1,600000, ,1, ,17000, 
7176489,9.0,2.0,1.0,1.0,4.0,3.0,1,4,3,3678333,735666,5,1,800000, ,1, ,18000, 
7176494,9.0,2.0,1.0,5.0,6.0,3.0,1,2,1,233333,116666,2,1,400000, ,1, ,15000, 
7176561,9.0,1.0,1.0,5.0,6.0,4.0,1,4,2,2090000,522500,4,1,8400000, ,2, ,15000,3000
7176593,9.0,1.0,1.0,1.0,6.0,3.0,1,3,2,2613232,653308,4,1,300000,2,2, ,40000, 
7176784,1.0,1.0,1.0,1.0,4.0,3.0,2,3,2,708333,354166,2,1,800000, ,2, ,50000,7000
7176852,1.0,1.0,1.0,1.0,6.0,4.0,2,4,3,2100000,700000,3,3,1500000,2,2, ,120200,11300
7176956,,,,,,,,2,1,743333,743333,1,1,2400000,1, , ,23000,5000
7177015,2.0,1.0,1.0,1.0,6.0,4.0,2,2,1,955833,238958,4,2,70000, , , ,20000, 
7177022,4.0,1.0,1.0,5.0,4.0,4.0,1,5,4,1797500,199722,9,1,990000,2,3, ,35000, 
7177025,4.0,1.0,3.0,2.0,6.0,4.0,1,2,2,630000,157500,4,1,150000, , , ,110000, 
7177047,4.0,1.0,1.0,5.0,7.0,4.0,1,3,3,1194166,119416,10,1,210000, , , ,45000, 
7177049,4.0,2.0,1.0,5.0,7.0,4.0,8,5,2,1051666,350555,3,1,3900000, ,2, ,8000, 
7177050,4.0,2.0,1.0,5.0,5.0,4.0,8,3,2,815000,163000,5,1,1500000, , , ,8000, 
7177092,4.0,1.0,1.0,1.0,6.0,3.0,1,5,4,1368833,228138,6,1,400000, ,2, ,45000, 
7177094,4.0,1.0,1.0,1.0,4.0,4.0,1,2,1,581666,581666,1,1,500000, ,1, ,8000, 
7177097,4.0,1.0,1.0,1.0,6.0,3.0,1,3,1,1369333,1369333,1,1,520000, , , ,2000, 
7177159,3.0,1.0,1.0,1.0,6.0,4.0,3,3,1,544000,544000,1,1,1728000,2,1, ,30000,10000
7177248,3.0,1.0,2.0,1.0,4.0,3.0,3,4,2,619500,309750,2,1,894000,1,1, ,29000,23000
7177322,6.0,2.0,1.0,5.0,6.0,4.0,1,1,1,210000,105000,2,1,840000, ,1, ,15000, 
7177343,6.0,2.0,1.0,5.0,6.0,4.0,1,3,2,121666,121666,1,1,260000,2,1, ,43000, 
7177572,1.0,1.0,1.0,1.0,6.0,1.0,2,4,3,2600898,650224,4,1,800000,1,2,2,70000,15000
7177798,1.0,2.0,1.0,1.0,6.0,4.0,1,3,2,527500,87916,6,1,900000, , , ,35000, 
7178150,1.0,2.0,1.0,1.0,6.0,3.0,1,2,1,885000,295000,3,2,600000, ,1, ,42000, 
7178249,1.0,1.0,2.0,1.0,4.0,3.0,2,4,1,1298750,432916,3,1,1185000,2,2,2,68000,25000
7178250,1.0,1.0,2.0,1.0,4.0,3.0,3,3,2,2126954,531738,4,2,708000,2,2, ,40000,20000
7178513,1.0,2.0,1.0,1.0,6.0,3.0,1,3,2,981666,245416,4,1,380000,2,1, ,0, 
7178894,5.0,1.0,2.0,1.0,4.0,1.0,3,2,2,2348333,587083,4,2,1000000,1,2,4,50000,80400
7178979,5.0,1.0,2.0,1.0,4.0,1.0,2,5,2,1955000,488750,4,1,1500000, ,1, ,36000,16000
7179012,2.0,2.0,1.0,1.0,6.0,4.0,0,4,3,3397666,679533,5,3,99,2, , ,13000, 
7179018,2.0,2.0,1.0,1.0,4.0,3.0,0,4,1,970000,242500,4,4,99, ,1, ,99, 
7179026,2.0,2.0,1.0,1.0,4.0,3.0,1,3,1,700000,350000,2,1,1200000,1, , ,15000, 
7179027,2.0,2.0,1.0,1.0,4.0,4.0,0,4,1,620000,155000,4,4,99,2, , ,12000, 
7179029,2.0,2.0,1.0,1.0,4.0,3.0,1,3,2,667500,166875,4,1,1200000, ,2, ,15000, 
7179031,2.0,2.0,1.0,1.0,6.0,4.0,0,4,2,790000,158000,5,5,99, ,2, ,12000, 
7179033,2.0,2.0,1.0,1.0,4.0,3.0,1,3,3,1367500,273500,5,1,1200000,1,2, ,25000, 
7179034,2.0,2.0,1.0,1.0,6.0,3.0,0,4,2,1035000,207000,5,3,99,2,1, ,24000, 
7179043,2.0,2.0,1.0,5.0,5.0,4.0,0,2,2,580000,145000,4,4,99, , , ,15000, 
7179050,2.0,2.0,1.0,1.0,6.0,4.0,1,2,1,500000,500000,1,1,1200000, ,2, ,11000, 
7179053,2.0,2.0,1.0,1.0,4.0,4.0,0,3,1,400000,200000,2,1,99, , , ,5000, 
7179057,2.0,2.0,1.0,1.0,4.0,3.0,1,3,2,764500,191125,4,1,1500000,1,2, ,25000, 
7179060,2.0,2.0,1.0,1.0,6.0,3.0,1,4,3,967500,241875,4,1,1500000, ,2, ,10000, 
7179063,2.0,2.0,1.0,1.0,6.0,3.0,0,3,2,1865614,621871,3,2,99, ,2, ,19500, 
7179064,2.0,2.0,1.0,1.0,6.0,3.0,1,3,2,1210000,403333,3,1,1800000,1,2, ,30000, 
7179066,2.0,2.0,1.0,1.0,6.0,3.0,0,4,3,1462500,182812,8,8,99, ,1, ,20000, 
7179067,2.0,2.0,1.0,1.0,4.0,3.0,1,4,2,900000,225000,4,1,1200000,1,2, ,12000, 
7179088,2.0,2.0,1.0,1.0,6.0,3.0,0,3,1,325000,162500,2,2,99,1, , ,25000, 
7179092,2.0,2.0,1.0,1.0,5.0,4.0,0,4,3,460000,230000,2,2,99, ,2, ,15000, 
7179098,2.0,2.0,1.0,1.0,6.0,4.0,1,2,1,191666,95833,2,1,1800000, ,2, ,10000, 
7179109,2.0,2.0,1.0,1.0,6.0,3.0,1,2,1,1800000,900000,2,1,12000000, , , ,20000, 
7179116,2.0,1.0,1.0,1.0,4.0,1.0,2,4,3,6694666,956380,7,1,1140000,3,2,8,45000,30000
7179367,2.0,1.0,1.0,1.0,4.0,3.0,2,4,2,630000,210000,3,1,960000, ,2, ,35000,31000
7179410,2.0,1.0,1.0,1.0,4.0,3.0,2,3,2,1022449,255612,4,1,700000, ,2, ,59977,15000
7179649,4.0,1.0,1.0,5.0,6.0,4.0,1,2,1,493333,246666,2,1,520000, , , ,7200, 
7179791,3.0,2.0,1.0,1.0,6.0,4.0,1,3,2,1265500,632750,2,1,450000, ,2, ,0, 
7179809,3.0,1.0,1.0,3.0,4.0,4.0,1,2,2,2226666,445333,5,1,2400000, , , ,12000,20000
7180257,2.0,2.0,1.0,5.0,7.0,4.0,1,2,2,511666,127916,4,1,800000,1,1, ,27000, 
7180368,9.0,2.0,4.0,5.0,5.0,4.0, ,2,1,1275000,318750,4,2,300000, , , , , 
7180376,9.0,2.0,4.0,5.0,5.0,6.0, ,2,1,406337,101584,4,1,76048, , , , , 
7180387,9.0,2.0,4.0,5.0,5.0,6.0,0,4,3,970000,194000,5,1,840000, , , ,8400, 
7180394,9.0,2.0,4.0,5.0,5.0,6.0,0,3,2,800000,160000,5,1,600000, ,2, ,1900, 
7180398,9.0,2.0,4.0,5.0,5.0,4.0,0,5,4,1278333,319583,4,1,840000, ,2, ,13000, 
7180402,9.0,2.0,4.0,5.0,5.0,4.0,0,2,1,3036666,1012222,3,1,840000, ,2, ,12600, 
7180403,9.0,2.0,4.0,5.0,5.0,4.0,0,3,1,336666,168333,2,1,600000, ,1, ,17400, 
7180407,9.0,2.0,4.0,5.0,5.0,4.0,0,4,1,200000,200000,1,1,600000, , , ,7000, 
7180413,9.0,2.0,4.0,5.0,5.0,4.0,0,2,1,657500,109583,6,2,1200000, , , ,2800, 
7180415,9.0,2.0,4.0,5.0,5.0,4.0,0,4,3,1917000,479250,4,1,600000, , , ,4300, 
7180422,9.0,2.0,4.0,5.0,5.0,4.0, ,2,1,356666,71333,5,1,600000, , , , , 
7180425,9.0,2.0,4.0,5.0,5.0,4.0,0,4,3,465000,66428,7,1,600000, , , ,1200, 
7180430,9.0,2.0,4.0,5.0,5.0,4.0,0,7,2,2313333,578333,4,1,600000, ,1, ,20000, 
7180766,2.0,2.0,1.0,1.0,6.0,3.0,2,2,1,653333,163333,4,1,880000, , , ,15530,14500
7180785,,,,,,,,2,1,554166,184722,3,3,1440000, ,1, ,90000,0
7180787,2.0,2.0,1.0,5.0,7.0,4.0,2,5,2,847500,169500,5,2,50000, ,1, ,7000, 
7180827,2.0,2.0,1.0,2.0,6.0,4.0,1,3,2,120833,60416,2,1,80000,1,1, ,30000, 
7180828,2.0,2.0,1.0,2.0,6.0,4.0,1,4,2,558333,279166,2,1,200000,2,2, ,23000, 
7180830,2.0,2.0,1.0,4.0,6.0,4.0,2,2,1,797500,199375,4,4,60000, , , ,19920, 
7180917,7.0,1.0,1.0,1.0,4.0,2.0,1,3,2,509166,254583,2,2,1900000, ,1, ,17531,15264
7180922,7.0,1.0,2.0,1.0,6.0,3.0,1,4,3,1058333,151190,7,1,340000, , , ,40000,12000
7180923,7.0,1.0,2.0,1.0,6.0,1.0,1,4,3,430000,215000,2,1,1000000, , , ,31000,20000
7180976,7.0,1.0,1.0,1.0,4.0,1.0,1,5,2,460000,230000,2,1,960000, ,2, ,19696,5000
7180993,7.0,2.0,1.0,5.0,6.0,4.0,1,3,2,1220000,305000,4,2,2340000, ,2, ,45000, 
7181064,7.0,2.0,1.0,1.0,6.0,2.0,1,3,2,1643333,547777,3,1,400000,2,1, ,0, 
7181599,3.0,2.0,1.0,5.0,6.0,4.0,1,4,2,1433333,286666,5,4,1000000,2,2, ,65000, 
7181630,3.0,2.0,1.0,1.0,6.0,4.0,1,1,1,1322833,440944,3,1,1300000, ,1, ,5000, 
7181655,3.0,2.0,1.0,1.0,4.0,4.0,1,2,1,580000,580000,1,1,100000, ,1, ,22000, 
7181765,3.0,1.0,1.0,1.0,4.0,1.0,2,4,3,1984148,496037,4,1,600000,2,1, ,13156,12000
7181820,3.0,2.0,1.0,1.0,4.0,3.0,2,4,3,920000,306666,3,2,840000,1,2, ,112000, 
7181951,3.0,1.0,2.0,1.0,6.0,4.0,1,3,1,1072500,536250,2,1,750000, ,2, ,15800, 
7182064,3.0,1.0,2.0,1.0,4.0,1.0,4,2,2,1730575,865287,2,1,64000,1,1, ,97,97
7182225,3.0,2.0,1.0,3.0,7.0,4.0,1,4,1,333333,333333,1,1,200000, ,2, ,50000, 
7182229,3.0,2.0,1.0,1.0,4.0,3.0,1,3,2,675000,337500,2,1,200000, , , ,99, 
7182247,3.0,2.0,1.0,5.0,5.0,4.0,2,3,3,2208250,482062,5,1,519000,2,2, ,55750, 
7182254,3.0,2.0,1.0,1.0,4.0,3.0,1,4,2,651666,130333,5,1,1400000,2,1, ,38000, 
7182289,3.0,2.0,1.0,1.0,4.0,3.0,1,4,2,770000,192500,4,1,120000, ,1, ,21000, 
7182297,3.0,2.0,1.0,1.0,6.0,4.0,1,2,1,776916,258972,3,1,300000, ,1, ,35000, 
7182727,4.0,2.0,1.0,5.0,5.0,3.0,1,4,1,155000,155000,1,1,450000,4,2, ,38000, 
7182855,4.0,2.0,1.0,1.0,5.0,3.0,1,4,2,265000,132500,2,1,780000,4,2, ,20000, 
7182875,4.0,2.0,1.0,1.0,4.0,4.0,1,4,3,1522500,304500,5,5,1080000,4,2, ,35000, 
7183302,9.0,2.0,1.0,5.0,5.0,4.0,1,3,1,183333,91666,2,1,400000, , , ,35000, 
7183704,9.0,1.0,1.0,5.0,7.0,4.0,1,2,2,445000,148333,3,1,99, ,1, ,35000, 
7183860,9.0,2.0,1.0,5.0,5.0,4.0,8,2,1,1900000,950000,2,1,12000000, , , ,0, 
7183884,9.0,1.0,1.0,5.0,5.0,4.0,1,2,1,603333,603333,1,1,4000000, , , ,16000, 
7183978,9.0,2.0,1.0,5.0,5.0,4.0, ,2,1,500000,250000,2,1,3000000, , , , , 
7183982,9.0,2.0,1.0,5.0,5.0,4.0, ,2,1,450000,450000,1,1,3000000, , , , , 
7184109,9.0,2.0,1.0,1.0,6.0,4.0, ,2,1,490000,245000,2,1,1200000, , , , , 
7184477,1.0,1.0,1.0,1.0,6.0,4.0,1,2,2,832500,208125,4,1,1140000, ,3, ,74080,20000
7184498,1.0,2.0,1.0,1.0,6.0,4.0,1,3,2,900000,150000,6,1,840000, , , ,24130, 
7184499,1.0,2.0,1.0,6.0,6.0,4.0,1,3,2,959166,191833,5,1,1300000, , , ,25000, 
7184568,1.0,1.0,1.0,1.0,4.0,3.0,4,6,1,3406090,851522,4,2,504000, ,2, ,360000,35000
7184590,1.0,2.0,1.0,3.0,6.0,4.0,0,2,1,587500,195833,3,1,450000, ,2, ,0, 
7184593,1.0,2.0,1.0,1.0,6.0,3.0,0,3,1,283333,283333,1,1,500000,2, , ,0, 
7184598,1.0,2.0,1.0,1.0,6.0,4.0,1,3,3,382500,95625,4,1,230000, , , ,25000, 
7184602,1.0,2.0,1.0,1.0,6.0,3.0,0,3,3,790333,112904,7,1,700000,2, , ,0, 
7184778,3.0,2.0,1.0,1.0,6.0,4.0,1,1,1,1493333,746666,2,1,4000000, ,1, ,20000, 
7184911,2.0,1.0,1.0,1.0,6.0,4.0,1,2,2,150000,50000,3,1,1200000,3,2, ,25000,9000
7184941,2.0,2.0,1.0,5.0,7.0,4.0,1,3,2,1658333,829166,2,1,700000, ,1, ,27000, 
7184951,2.0,2.0,1.0,1.0,6.0,4.0,2,3,2,1490000,298000,5,1,120000,3,2, ,0, 
7184956,2.0,2.0,1.0,1.0,4.0,4.0,1,3,2,2954359,590871,5,3,936000,3,2, ,16000, 
7184959,2.0,2.0,1.0,1.0,6.0,4.0,1,3,2,1574116,393529,4,2,744000,4,2, ,22000, 
7184966,2.0,2.0,2.0,1.0,6.0,4.0,1,2,1,406583,101645,4,2,1200000, ,2, ,22000, 
7184967,2.0,2.0,1.0,1.0,6.0,4.0,0,1,1,845000,169000,5,2,1200000, ,2, ,0, 
7185034,2.0,1.0,1.0,1.0,4.0,3.0,2,3,2,1300000,325000,4,2,4800000, ,1, ,100000,22000
7185196,3.0,2.0,2.0,1.0,6.0,3.0,2,3,1,691666,345833,2,2,4000000,1,2, ,60000,12000
7185521,1.0,1.0,1.0,1.0,4.0,3.0,2,3,2,1520000,380000,4,2,720000,2,3, ,160000,6000
7186086,9.0,1.0,1.0,1.0,4.0,4.0,1,3,2,530000,58888,9,3,240000, , , ,23000, 
7186312,1.0,1.0,2.0,1.0,4.0,1.0,1,5,3,2100000,525000,4,1,2400000,2,1,6,70000,15000
7186436,1.0,2.0,4.0,9.0,7.0,6.0,9,1,1,458333,458333,1,1,4000000, , , ,0, 
7186820,2.0,1.0,2.0,1.0,4.0,1.0,1,3,2,66666,33333,2,1,400000,1,2, ,17000,14000
7186932,3.0,2.0,1.0,5.0,7.0,4.0, ,3,1,583333,291666,2,1,2000000, , , , , 
7186938,3.0,2.0,1.0,5.0,6.0,4.0,9,3,1,1122166,561083,2,1,266000, ,2, ,10000, 
7186942,3.0,2.0,1.0,1.0,6.0,4.0,1,2,1,350000,350000,1,1,1000000, ,1, ,18000, 
7186947,3.0,2.0,1.0,5.0,6.0,4.0,8,4,3,727666,181916,4,1,240000, , , ,0, 
7186950,3.0,2.0,1.0,5.0,6.0,4.0,1,5,2,1846666,461666,4,1,2000000, ,1, ,20000, 
7186953,3.0,2.0,1.0,5.0,6.0,4.0,1,4,2,1600833,400208,4,1,2000000, ,3, ,30000, 
7186967,3.0,2.0,1.0,5.0,5.0,4.0, ,3,2,1016666,338888,3,1,2000000, , , , , 
7186971,3.0,2.0,1.0,5.0,5.0,4.0,1,4,3,1002500,125312,8,8,3000000, ,2, ,20000, 
7187461,2.0,2.0,3.0,1.0,6.0,3.0,2,1,1,1633333,1633333,1,1,400000, , , ,0, 
7187485,9.0,2.0,4.0,5.0,5.0,4.0,0,4,2,1427500,285500,5,2,2400000, ,2, ,6000, 
7187684,2.0,1.0,1.0,1.0,4.0,3.0,2,5,4,2050000,512500,4,1,300000,1,2, ,40000,30000
7188184,3.0,2.0,1.0,1.0,6.0,4.0,2,2,1,1950000,1950000,1,1,21600000, , , ,3500, 
7189401,1.0,1.0,1.0,1.0,6.0,4.0,2,3,2,948166,189633,5,1,760000, , , ,64000,52000
7189415,3.0,2.0,1.0,5.0,7.0,4.0, ,3,1,1592000,796000,2,1,12000000, , , , , 
7189417,3.0,2.0,1.0,8.0,7.0,4.0, ,1,1,192500,192500,1,1,1800000, , , , , 
7189480,4.0,1.0,1.0,5.0,6.0,4.0,1,3,2,751666,187916,4,1,200000, , , ,13350, 
7189485,4.0,1.0,1.0,5.0,6.0,4.0,1,2,1,797500,398750,2,2,570000, , , ,23000, 
7189501,4.0,1.0,1.0,5.0,6.0,4.0,1,4,2,1178666,196444,6,1,350000,2,1, ,25600, 
7190075,9.0,1.0,1.0,1.0,6.0,3.0,1,3,1,866666,866666,1,1,4000000, ,1, ,20000,1000
7190119,9.0,1.0,1.0,1.0,6.0,4.0,1,3,1,1360000,1360000,1,1,12000000, ,1, ,18000, 
7190152,9.0,2.0,4.0,5.0,7.0,6.0, ,1,1,475000,118750,4,1,300000, , , , , 
7190157,9.0,2.0,4.0,5.0,7.0,6.0, ,1,1,165000,27500,6,1,100000, , , , , 
7190284,1.0,1.0,1.0,1.0,7.0,3.0,1,4,3,3304166,550694,6,1,800000, ,1, ,60000,25000
7190565,1.0,2.0,3.0,5.0,7.0,4.0,0,1,1,1133333,566666,2,1,1400000,2,2, ,0, 
7191063,1.0,2.0,1.0,5.0,7.0,4.0,0,2,1,1009983,168330,6,6,1236800, ,2, ,0, 
7191475,2.0,2.0,1.0,1.0,6.0,4.0,1,2,1,904166,180833,5,4,650000, , , ,20000, 
7191476,2.0,2.0,1.0,5.0,5.0,3.0,1,3,2,355000,88750,4,1,1200000, ,2, ,5000, 
7191477,2.0,2.0,1.0,1.0,6.0,4.0,1,3,2,1500000,500000,3,1,1200000, ,1, ,30000, 
7191479,2.0,2.0,1.0,5.0,5.0,4.0,1,3,3,661666,165416,4,1,1460000, , , ,20000, 
7191482,2.0,2.0,1.0,5.0,5.0,3.0,1,4,4,2430000,270000,9,2,2000000, , , ,50000, 
7191485,2.0,2.0,1.0,1.0,6.0,4.0,0,4,3,3471447,578574,6,4,99, ,1, ,17500, 
7191486,2.0,2.0,1.0,1.0,6.0,4.0,1,2,2,1190000,170000,7,1,1440000, , , ,10000, 
7191491,2.0,2.0,1.0,1.0,6.0,4.0,1,3,3,175000,43750,4,1,1200000, , , ,10000, 
7191493,2.0,2.0,1.0,1.0,6.0,3.0,0,3,3,2145000,357500,6,1,1200000, ,2, ,15000, 
7191495,2.0,2.0,1.0,1.0,4.0,3.0,1,4,3,655000,218333,3,1,1200000,2,2, ,18000, 
7191498,2.0,2.0,1.0,1.0,6.0,4.0,1,3,2,1200000,400000,3,1,2400000, , , ,5000, 
7191499,2.0,2.0,1.0,5.0,5.0,3.0,1,2,2,1133333,283333,4,1,1200000, ,2, ,15000, 
7191504,2.0,2.0,1.0,1.0,6.0,4.0,1,3,2,1125000,281250,4,1,1500000, ,2, ,10000, 
7191510,2.0,2.0,1.0,1.0,5.0,4.0,0,3,1,635000,211666,3,1,99, ,2, ,18000, 
7191512,2.0,2.0,1.0,5.0,5.0,3.0,0,3,2,166666,83333,2,1,800000, , , ,7000, 
7191514,2.0,2.0,1.0,1.0,6.0,4.0,2,3,2,685000,228333,3,1,1200000, ,1, ,6000, 
7191515,2.0,2.0,1.0,5.0,6.0,3.0,1,4,3,596666,119333,5,1,2000000,2,2, ,82000, 
7191516,2.0,2.0,1.0,5.0,4.0,3.0,1,4,4,2309666,461933,5,1,700000,2,2, ,24000, 
7191519,2.0,2.0,1.0,5.0,5.0,4.0,1,3,1,440000,440000,1,1,480000, , , ,8000, 
7191522,2.0,2.0,1.0,5.0,5.0,3.0,1,2,2,66666,66666,1,1,800000,2,2, ,17000, 
7191525,2.0,2.0,1.0,1.0,6.0,4.0,1,2,1,341666,170833,2,1,900000, ,1, ,7000, 
7191528,2.0,2.0,1.0,8.0,6.0,4.0,1,1,1,224166,224166,1,1,650000, , , ,5000, 
7191533,2.0,2.0,1.0,5.0,5.0,3.0,1,4,3,850000,170000,5,1,2400000,2,2, ,23000, 
7191536,2.0,2.0,1.0,1.0,6.0,4.0,1,2,2,390000,97500,4,4,1800000,1,2, ,18000, 
7191537,2.0,2.0,1.0,1.0,4.0,3.0,1,4,4,2250000,450000,5,1,1200000, , , ,15000, 
7191540,2.0,2.0,1.0,1.0,5.0,4.0,1,3,3,850000,212500,4,1,1800000, ,1, ,10000, 
7191545,2.0,2.0,1.0,1.0,6.0,4.0,1,2,1,210000,105000,2,1,720000, , , ,17000, 
7191550,2.0,2.0,1.0,1.0,5.0,4.0,1,3,2,655000,218333,3,1,1800000, ,1, ,10000, 
7191562,2.0,2.0,1.0,5.0,6.0,4.0,1,5,2,1425000,475000,3,1,1200000, ,1, ,15000, 
7191590,2.0,2.0,1.0,1.0,4.0,4.0,0,4,3,1201666,300416,4,1,800000,2,2, ,0, 
7191592,2.0,2.0,1.0,1.0,6.0,4.0,1,3,2,193333,96666,2,1,800000, ,1, ,20900, 
7191595,2.0,2.0,1.0,6.0,6.0,3.0,1,3,2,875000,291666,3,3,1200000, ,1, ,28000, 
7191709,2.0,2.0,1.0,1.0,4.0,4.0,2,2,1,617500,617500,1,1,960000, , , ,8000, 
7192067,3.0,2.0,1.0,5.0,5.0,4.0,1,4,2,1240000,413333,3,1,12000000, ,1, ,22000, 
7192387,2.0,2.0,1.0,1.0,6.0,3.0,9,5,2,2354322,470864,5,1,371875, ,1, ,0, 
7192436,2.0,1.0,1.0,1.0,6.0,4.0, ,1,1,2510000,418333,6,3,600000, , , , , 
7192448,2.0,2.0,1.0,5.0,7.0,4.0, ,2,1,1487635,743817,2,1,360000, , , , , 
7192458,2.0,2.0,2.0,1.0,6.0,4.0,1,3,2,1391125,463708,3,2,624000,2,2, ,30000, 
7192462,2.0,2.0,1.0,1.0,4.0,3.0,4,6,3,3433232,858308,4,1,312000,3,2, ,60000, 
7192463,2.0,2.0,1.0,1.0,6.0,4.0,4,2,2,1310616,262123,5,3,1272000,3,2, ,60000, 
7192465,2.0,1.0,1.0,1.0,4.0,4.0,1,4,3,3377459,675491,5,1,300000,3,2,3,66060,18000
7192467,2.0,1.0,1.0,1.0,4.0,1.0,2,4,3,1328000,332000,4,3,936000,3,2, ,110000,10000
7192468,2.0,2.0,1.0,1.0,4.0,3.0,4,1,1,4576000,1144000,4,1,312000, ,2, ,0, 
7192472,2.0,2.0,1.0,1.0,4.0,3.0,1,4,3,2872666,574533,5,1,312000, ,1, ,45000, 
7192477,2.0,2.0,1.0,5.0,6.0,4.0,1,2,2,1637792,409448,4,2,624000, ,2, ,22000, 
7192482,2.0,2.0,1.0,1.0,6.0,4.0,1,3,2,4283857,428385,10,2,1728000, ,1, ,35000, 
7192559,2.0,2.0,1.0,5.0,7.0,4.0,1,3,3,1906232,381246,5,2,600000, ,1, ,18000, 
7192656,2.0,2.0,1.0,1.0,5.0,3.0,2,4,2,311666,103888,3,1,140000,3,1, ,30000, 
7192845,2.0,2.0,1.0,2.0,4.0,4.0,2,3,1,570000,285000,2,1,600000, ,1, ,17600, 
7193067,7.0,1.0,2.0,1.0,4.0,1.0,2,4,3,2676000,669000,4,1,1200000, ,1, ,10900,15000
7193159,7.0,1.0,1.0,1.0,6.0,4.0,1,3,1,760000,380000,2,2,1320000, ,1, ,32000,47000
7193160,7.0,1.0,1.0,1.0,6.0,3.0,1,3,2,1480866,370216,4,1,813000, , , ,33000, 
7193170,7.0,1.0,1.0,5.0,5.0,3.0,1,4,3,1533666,306733,5,1,400000, ,2, ,236000,33000
7193291,7.0,1.0,1.0,1.0,6.0,2.0,1,3,2,996032,199206,5,4,1400000, , , ,15000,5000
7193400,4.0,1.0,2.0,1.0,6.0,1.0,1,3,2,850000,425000,2,1,1600000, ,2, ,11700,7000
7193699,3.0,2.0,1.0,1.0,4.0,2.0,1,2,2,1930000,482500,4,1,200000,1,1, ,0, 
7193763,3.0,2.0,1.0,1.0,4.0,4.0,1,4,3,946666,236666,4,1,200000,2,1, ,20000, 
7193764,3.0,2.0,1.0,1.0,6.0,4.0, ,1,1,786666,393333,2,1,1000000, , , , , 
7193926,3.0,2.0,1.0,5.0,7.0,4.0, ,1,1,1410000,705000,2,2,16800000, , , , , 
7193938,3.0,1.0,1.0,3.0,6.0,4.0,2,2,1,334166,334166,1,1,410000, ,1, ,15000, 
7193941,3.0,1.0,1.0,1.0,4.0,4.0,1,1,1,891666,445833,2,1,500000,1,1, ,7000,2000
7194048,3.0,1.0,1.0,1.0,6.0,3.0,2,4,1,1200000,1200000,1,1,99, ,1, ,14700,4000
7194092,3.0,1.0,2.0,1.0,4.0,3.0,2,3,2,2049134,512283,4,1,655200,2,2, ,70000,20000
7194210,3.0,2.0,1.0,1.0,6.0,3.0,2,3,2,333333,111111,3,1,250000, ,1, ,11200, 
7194465,6.0,1.0,2.0,1.0,4.0,1.0,3,5,3,2320833,464166,5,1,13200000,2,2, ,50000,10000
7194754,4.0,2.0,1.0,5.0,5.0,4.0,8,3,2,199166,66388,3,1,1100000, , , ,0, 
7194778,4.0,1.0,1.0,5.0,6.0,4.0,8,4,1,157500,157500,1,1,540000, ,1, ,99, 
7194835,4.0,1.0,1.0,5.0,5.0,4.0,8,3,2,380000,126666,3,1,1080000, ,1, ,99, 
7195940,9.0,1.0,2.0,1.0,4.0,1.0,1,4,3,1070666,356888,3,1,400000, ,1, ,66000,63000
7196457,9.0,2.0,1.0,2.0,7.0,6.0, ,1,1,58333,58333,1,1,500000, , , , , 
7196458,9.0,2.0,1.0,2.0,6.0,4.0,1,4,3,491666,163888,3,2,140000, ,1, ,43000, 
7196477,9.0,2.0,1.0,1.0,6.0,4.0,1,3,2,375000,125000,3,1,240000,2,2, ,30000,18000
7196499,9.0,2.0,1.0,1.0,6.0,4.0,1,2,1,451666,225833,2,1,600000, ,1, ,48000,12000
7196644,9.0,2.0,1.0,1.0,6.0,3.0,1,4,3,4217500,702916,6,2,600000,2,2, ,40000,18000
7196649,9.0,2.0,1.0,1.0,4.0,4.0,1,3,1,433333,433333,1,1,400000, ,2, ,23000,5000
7196859,9.0,2.0,1.0,1.0,6.0,4.0,1,2,1,1129166,564583,2,1,350000, ,1, ,90000, 
7197045,1.0,1.0,2.0,1.0,4.0,3.0,2,4,3,2387000,477400,5,1,400000,1,1, ,72000,23000
7197089,1.0,1.0,1.0,1.0,7.0,4.0,1,2,1,369166,61527,6,1,1500000, , , ,0,8815
7197116,1.0,2.0,1.0,5.0,7.0,4.0,0,4,2,1174000,167714,7,1,960000,2, , ,0, 
7197141,1.0,1.0,1.0,5.0,7.0,4.0,9,2,1,353000,70600,5,1,1020000, ,1, ,0,37500
7197147,1.0,2.0,1.0,5.0,7.0,4.0,0,3,2,369000,92250,4,1,1020000, , , ,0, 
7197382,1.0,2.0,1.0,1.0,7.0,3.0,1,3,3,987316,123414,8,1,380000, , , ,25000, 
7197491,3.0,2.0,1.0,1.0,4.0,4.0,1,4,3,1643166,273861,6,1,2000000,2,1, ,58000, 
7197497,3.0,2.0,1.0,5.0,6.0,4.0,1,4,2,1254166,313541,4,1,2000000, ,2, ,40000, 
7197500,3.0,2.0,1.0,1.0,6.0,4.0,1,4,2,1496666,498888,3,1,2000000, ,2, ,26000, 
7197505,3.0,2.0,1.0,5.0,6.0,4.0,1,3,2,946000,315333,3,1,2000000, , , ,5000, 
7197523,3.0,2.0,1.0,5.0,5.0,4.0,1,4,2,1198833,399611,3,1,2000000, ,1, ,7000, 
7197557,3.0,1.0,1.0,1.0,6.0,4.0,1,1,1,925000,925000,1,1,3600000, , , ,1300, 
7197573,3.0,1.0,2.0,1.0,6.0,4.0,1,3,2,845000,422500,2,2,600000, ,2, ,24000, 
7197589,3.0,1.0,1.0,1.0,6.0,4.0,9,3,2,1494583,186822,8,1,775000, ,2, ,30000, 
7197598,3.0,1.0,1.0,1.0,4.0,4.0,1,3,2,1061666,176944,6,3,180000, ,1, ,20000, 
7197603,3.0,1.0,1.0,1.0,6.0,4.0,1,3,2,1043333,347777,3,3,900000, ,2, ,28000, 
7197605,3.0,1.0,1.0,1.0,6.0,4.0,1,3,2,2503333,834444,3,2,400000, ,1, ,28000, 
7197614,3.0,1.0,2.0,1.0,4.0,4.0,1,3,1,148333,74166,2,2,400000, ,2, ,18000, 
7197702,3.0,2.0,1.0,5.0,6.0,4.0,1,5,2,1466666,733333,2,1,8000000, ,1, ,17000, 
7197712,3.0,2.0,1.0,5.0,6.0,4.0,1,3,1,91833,45916,2,1,36000, , , ,27000, 
7197713,3.0,2.0,1.0,5.0,6.0,4.0,1,1,1,268333,268333,1,1,200000, , , ,5000, 
7197715,3.0,2.0,1.0,5.0,6.0,4.0,1,2,2,1053000,263250,4,1,90000, ,1, ,25000, 
7197718,3.0,2.0,1.0,5.0,6.0,4.0,1,3,2,825000,275000,3,1,2000000, ,1, ,8000, 
7198060,3.0,2.0,1.0,4.0,6.0,4.0,1,3,2,665666,166416,4,1,412000, ,2, ,31800, 
7198232,2.0,2.0,1.0,1.0,6.0,4.0,3,3,2,1666500,416625,4,2,100000, ,1, ,0, 
7198363,2.0,1.0,1.0,1.0,7.0,4.0,1,4,3,973333,324444,3,1,760000, ,2, ,30000,8000
7198406,2.0,1.0,1.0,5.0,7.0,4.0,1,3,3,847000,77000,11,1,1200000, ,1, ,20000, 
7198417,2.0,1.0,2.0,1.0,4.0,3.0,2,4,3,2275000,455000,5,1,2400000,2,1, ,60000,30000
7198710,3.0,1.0,2.0,1.0,4.0,4.0,1,2,1,2630000,1315000,2,1,600000,2,2, ,60000,19000
7199221,1.0,2.0,1.0,5.0,7.0,4.0,1,4,3,950416,237604,4,1,900000, , , ,0, 
7199229,1.0,2.0,1.0,5.0,7.0,4.0,1,4,3,293750,97916,3,1,700000, , , ,29000, 
7199329,3.0,1.0,2.0,5.0,6.0,4.0,1,1,1,1076666,358888,3,2,350000,2,2,1,20000, 
7199375,3.0,2.0,1.0,1.0,4.0,4.0,1,3,2,115000,57500,2,1,1140000, , , ,5500, 
7199486,3.0,2.0,1.0,5.0,6.0,4.0,1,3,1,1400000,700000,2,1,9600000,2,1, ,28000, 
7199543,3.0,2.0,1.0,5.0,5.0,4.0,9,2,1,400000,200000,2,2,1200000, , , ,0, 
7199557,3.0,2.0,1.0,5.0,7.0,4.0,1,4,1,883333,220833,4,1,4000000,3,2, ,21000, 
7199560,3.0,2.0,1.0,5.0,6.0,4.0,1,3,3,685000,228333,3,1,4000000, ,1, ,9140, 
7199574,3.0,1.0,2.0,1.0,4.0,3.0,1,4,3,2360282,786760,3,2,1600000, ,1,2,16000,24000
7199820,2.0,2.0,3.0,1.0,6.0,3.0,0,1,1,730000,243333,3,2,1800000, ,2, ,0, 
7199998,2.0,2.0,1.0,2.0,7.0,4.0,1,2,2,483333,120833,4,1,200000, , , ,3000, 
7200043,7.0,1.0,1.0,1.0,6.0,2.0,2,2,1,410000,410000,1,1,960000,1,2, ,37162, 
7200090,4.0,1.0,1.0,1.0,6.0,4.0,1,4,3,991666,198333,5,1,2000000,2,2, ,85000, 
7200092,4.0,1.0,1.0,6.0,5.0,4.0,1,4,3,1368333,152037,9,5,1160000, ,2, ,85000, 
7200093,4.0,1.0,1.0,5.0,5.0,4.0,1,4,4,736666,122777,6,1,700000, , , ,30000, 
7200117,4.0,2.0,1.0,1.0,4.0,4.0,1,3,2,711666,237222,3,1,1000000, ,1, ,40000, 
7200125,4.0,2.0,1.0,1.0,6.0,4.0,1,2,1,1141666,570833,2,1,600000, ,1, ,300000, 
7200127,4.0,2.0,1.0,1.0,6.0,4.0,0,4,3,1773333,443333,4,3,700000,2,2, ,0, 
7200128,4.0,2.0,1.0,1.0,6.0,4.0,1,3,2,1630183,326036,5,4,826000,3,1, ,22500, 
7200133,4.0,2.0,1.0,1.0,6.0,4.0,1,3,2,1720000,215000,8,1,200000,2,2, ,50000, 
7200149,4.0,2.0,1.0,5.0,5.0,4.0,0,2,2,595000,297500,2,1,2400000, , , ,0, 
7200155,4.0,2.0,1.0,5.0,5.0,4.0,8,3,2,1223333,305833,4,1,1300000,2, , ,20000, 
7200161,4.0,2.0,1.0,5.0,5.0,4.0,8,2,1,674166,337083,2,1,40000,1,1, ,20000, 
7200167,4.0,2.0,1.0,5.0,5.0,3.0,1,3,2,1081666,270416,4,1,540000, , , ,12000, 
7200177,4.0,2.0,1.0,5.0,5.0,4.0,1,2,1,634666,317333,2,1,800000, , , ,20000, 
7200195,4.0,2.0,1.0,5.0,5.0,4.0,8,2,1,664166,664166,1,1,410000, , , ,10000, 
7200196,4.0,2.0,1.0,5.0,5.0,4.0,8,3,2,872583,290861,3,1,1051000,2,1, ,15000, 
7200205,4.0,2.0,1.0,6.0,6.0,4.0,1,5,3,986666,197333,5,1,1400000, ,2, ,50000, 
7200209,4.0,2.0,1.0,5.0,5.0,4.0,1,1,1,722500,361250,2,1,510000, ,1, ,20000, 
7200210,4.0,2.0,1.0,5.0,6.0,4.0,1,4,3,797500,265833,3,1,570000, ,1, ,25000, 
7200211,4.0,2.0,1.0,5.0,6.0,3.0,1,3,2,730000,146000,5,3,4000000, , , ,20000, 
7200212,4.0,2.0,1.0,5.0,4.0,4.0,1,3,1,1023333,511666,2,1,280000,2,1, ,20000, 
7200221,4.0,2.0,1.0,5.0,4.0,4.0,1,4,2,935833,187166,5,4,1150000,3,1, ,30000, 
7200235,4.0,1.0,1.0,1.0,6.0,4.0,1,2,2,1056666,264166,4,1,200000,2,1, ,28000, 
7200237,4.0,1.0,1.0,5.0,5.0,4.0,1,5,3,2611000,522200,5,3,232000,2,1, ,28000, 
7200238,4.0,1.0,1.0,1.0,4.0,4.0,1,3,2,1047916,261979,4,1,615000,1,1, ,28000, 
7200242,4.0,1.0,1.0,5.0,5.0,4.0,1,5,3,1415833,202261,7,2,900000,1,1, ,29000, 
7200243,4.0,1.0,1.0,5.0,5.0,4.0,1,3,2,831666,277222,3,2,800000, , , ,28000, 
7200245,4.0,1.0,1.0,5.0,5.0,4.0,1,3,3,890000,98888,9,7,99, , , ,28000, 
7200250,4.0,1.0,1.0,5.0,5.0,4.0,1,3,2,896666,179333,5,1,120000,2,1, ,28000, 
7200251,4.0,1.0,1.0,5.0,5.0,4.0,1,4,2,1297000,324250,4,2,300000,2,1, ,30000, 
7200253,4.0,1.0,1.0,5.0,5.0,4.0,1,3,2,1030000,257500,4,1,900000, ,1, ,28000, 
7200259,4.0,1.0,1.0,5.0,5.0,4.0,1,3,1,641666,641666,1,1,300000, ,1, ,25000, 
7200268,4.0,1.0,1.0,1.0,5.0,1.0,1,6,4,2789000,557800,5,1,760000, ,1, ,28000, 
7200269,4.0,1.0,2.0,5.0,5.0,4.0,1,2,1,890000,296666,3,1,1200000,3, , ,28000, 
7200275,4.0,1.0,1.0,5.0,5.0,4.0,1,5,4,2270333,252259,9,1,3000000, ,1, ,28000, 
7200277,4.0,1.0,1.0,5.0,5.0,4.0,1,4,2,716666,358333,2,1,200000,1,1, ,28000, 
7200288,4.0,1.0,1.0,5.0,5.0,4.0,1,3,2,867500,108437,8,5,750000,2, , ,30000, 
7200289,4.0,1.0,1.0,1.0,5.0,4.0,1,4,4,2175833,241759,9,9,550000, ,2, ,28000, 
7200290,4.0,1.0,1.0,5.0,5.0,4.0,1,4,2,1507916,251319,6,1,1045000,1,1, ,28000, 
7200293,4.0,2.0,1.0,5.0,5.0,4.0,8,2,2,1958333,489583,4,1,400000, ,1, ,20000, 
7200299,4.0,2.0,1.0,5.0,5.0,4.0,8,4,1,403333,403333,1,1,640000, , , ,10000, 
7200301,4.0,2.0,1.0,1.0,6.0,3.0,8,2,1,702500,234166,3,1,30000, ,1, ,20000, 
7200307,4.0,2.0,1.0,5.0,5.0,4.0,8,5,4,2008333,286904,7,5,700000, , , ,10000, 
7200309,4.0,2.0,1.0,5.0,5.0,4.0,8,1,1,1098333,366111,3,1,400000,2, , ,10000, 
7200311,4.0,2.0,1.0,5.0,4.0,3.0,8,2,2,807583,403791,2,1,100000,2, , ,10000, 
7200317,4.0,2.0,1.0,5.0,5.0,4.0,8,2,2,560000,186666,3,2,840000, , , ,10000, 
7200321,4.0,2.0,1.0,1.0,6.0,4.0,8,2,1,960250,480125,2,2,723000, , , ,10000, 
7200323,4.0,2.0,1.0,5.0,5.0,3.0,8,3,1,1356666,452222,3,3,200000, , , ,10000, 
7200325,4.0,2.0,1.0,5.0,5.0,4.0,8,3,2,1237083,412361,3,3,600000, , , ,10000, 
7200328,4.0,2.0,1.0,5.0,6.0,3.0,8,3,3,966166,241541,4,4,780000, , , ,10000, 
7200329,4.0,2.0,1.0,5.0,5.0,4.0,8,2,2,748333,249444,3,2,700000, ,1, ,10000, 
7200337,4.0,2.0,1.0,5.0,5.0,4.0,1,3,2,1287500,257500,5,4,410000,2,2, ,28000, 
7200573,3.0,1.0,1.0,1.0,4.0,3.0,2,4,1,708333,354166,2,1,400000, ,1, ,5600,12000
7200997,9.0,1.0,1.0,1.0,6.0,4.0,1,3,2,1802379,360475,5,2,18218552,2,2, ,32100,20000
7201045,1.0,1.0,1.0,1.0,4.0,3.0,1,4,2,1631000,543666,3,1,900000, ,1, ,30000,16000
7201046,1.0,1.0,1.0,1.0,6.0,3.0,1,2,1,391666,391666,1,1,1000000, ,1, ,43000, 
7201108,1.0,1.0,1.0,1.0,6.0,3.0,1,3,2,1815000,201666,9,1,1600000,3,2, ,0,37000
7201620,5.0,1.0,1.0,1.0,4.0,4.0,1,2,1,1895000,631666,3,2,2280000,3,2, ,20000,20000
7201728,5.0,1.0,3.0,1.0,4.0,4.0,1,1,1,756250,756250,1,1,1700000, , , ,97, 
7201819,2.0,2.0,1.0,1.0,6.0,3.0,0,2,1,601666,200555,3,3,4320000, ,2, ,19000, 
7201830,2.0,2.0,1.0,1.0,6.0,3.0,1,3,2,1342500,447500,3,1,1200000, ,2, ,13800, 
7201831,2.0,2.0,1.0,1.0,6.0,4.0,1,3,2,525833,175277,3,1,120000,1,1, ,18000, 
7201834,2.0,2.0,1.0,1.0,6.0,4.0,1,2,1,350000,350000,1,1,1000000, ,1, ,15000, 
7201838,2.0,2.0,1.0,6.0,6.0,3.0,1,2,1,416666,208333,2,1,1000000, , , ,15000, 
7201841,2.0,2.0,1.0,1.0,5.0,4.0,1,4,3,1250000,625000,2,1,1200000, ,1, ,20000, 
7201844,2.0,2.0,1.0,1.0,6.0,4.0,0,3,2,510000,170000,3,1,960000, ,1, ,10000, 
7201846,2.0,2.0,1.0,1.0,6.0,4.0,1,3,1,1323333,441111,3,1,1500000, ,2, ,30000, 
7201853,2.0,2.0,1.0,8.0,6.0,4.0,1,2,2,918333,229583,4,1,2500000,1,1, ,22000, 
7201858,2.0,2.0,1.0,1.0,6.0,2.0,0,3,1,750000,750000,1,1,1200000, , , ,12000,0
7201863,2.0,2.0,1.0,1.0,4.0,2.0,0,3,2,795000,198750,4,4,1200000, ,1, ,25000, 
7201864,2.0,2.0,1.0,1.0,6.0,4.0,0,4,2,325000,108333,3,1,99, , , ,99, 
7201868,2.0,2.0,1.0,1.0,6.0,4.0,0,4,2,1650000,412500,4,3,99,2,2, ,15000, 
7201869,2.0,2.0,1.0,1.0,6.0,4.0,0,4,2,675000,225000,3,3,1200000, ,1, ,25000, 
7201879,2.0,2.0,1.0,1.0,6.0,3.0,1,2,1,816666,816666,1,1,800000, ,2, ,15000, 
7201880,2.0,2.0,1.0,1.0,4.0,4.0,0,4,3,1830000,366000,5,4,99, ,1, ,26000, 
7201901,2.0,2.0,1.0,1.0,6.0,3.0,0,2,1,120000,60000,2,2,99, ,3, ,10000, 
7201919,2.0,2.0,1.0,1.0,6.0,4.0,1,1,1,476916,158972,3,1,103000, , , ,22500,22500
7201920,2.0,2.0,1.0,6.0,4.0,3.0,2,3,2,1355000,451666,3,2,1560000, ,2, ,22500,22500
7201967,2.0,2.0,1.0,1.0,4.0,3.0,2,4,1,300000,300000,1,1,1200000, , , ,12400, 
7202126,2.0,2.0,1.0,1.0,6.0,4.0,2,3,2,1177616,588808,2,1,840000, ,1, ,5000, 
7202175,3.0,2.0,1.0,1.0,6.0,4.0,8,3,2,922000,230500,4,1,8400000, ,1, ,0, 
7202201,3.0,1.0,2.0,1.0,6.0,4.0,1,3,1,620833,310416,2,1,250000, , , ,18000, 
7202235,3.0,2.0,1.0,5.0,7.0,4.0,9,3,2,1280000,320000,4,2,1500000, , , ,0, 
7202236,3.0,2.0,1.0,5.0,6.0,4.0,9,3,2,991666,198333,5,2,1500000, , , ,0, 
7202237,3.0,2.0,1.0,5.0,7.0,4.0,9,3,2,1093333,156190,7,2,1500000, , , ,0, 
7202286,3.0,2.0,1.0,8.0,7.0,4.0, ,1,1,398333,398333,1,1,700000, , , , , 
7202309,2.0,2.0,1.0,1.0,4.0,4.0,2,4,2,766833,191708,4,1,400000, , , ,60000, 
7202570,2.0,1.0,1.0,1.0,6.0,4.0,1,3,2,4643991,1160997,4,1,360000,3,2, ,20000,7000
7202571,2.0,2.0,1.0,1.0,4.0,4.0,1,4,2,1057116,264279,4,1,384000, ,1, ,97000, 
7202576,2.0,2.0,1.0,1.0,4.0,1.0,1,4,3,1385125,277025,5,3,936000,1,2,7,59000, 
7202590,2.0,2.0,2.0,1.0,7.0,3.0,1,2,1,1988183,397636,5,3,1080000,3,1, ,30000, 
7202609,2.0,2.0,1.0,5.0,7.0,4.0,0,2,2,1377500,275500,5,1,480000,3,2, ,0, 
7202614,2.0,2.0,1.0,8.0,7.0,4.0,0,3,2,1138000,227600,5,2,960000, ,1, ,15000, 
7202639,2.0,2.0,1.0,1.0,6.0,4.0,2,3,1,1468333,489444,3,1,100000,3,1, ,56000, 
7202645,2.0,2.0,1.0,1.0,6.0,4.0,1,3,2,1452125,242020,6,3,936000,3,1, ,42700,16000
7202791,2.0,1.0,1.0,1.0,4.0,4.0,3,4,2,2783333,1391666,2,1,4000000,2,1,6,42000, 
7202846,2.0,2.0,1.0,1.0,4.0,3.0,2,4,2,697500,139500,5,5,750000, , , ,16400, 
7202855,7.0,1.0,1.0,1.0,4.0,1.0,2,4,3,3703250,925812,4,1,279000,2,1,2,54000,14000
7202860,7.0,1.0,2.0,1.0,4.0,1.0,2,4,3,1476282,492094,3,1,1200000,2,1,1,47000,14000
7202962,,,,,,,,4,3,886666,147777,6,1,1400000, ,1, ,30000, 
7202993,4.0,1.0,1.0,1.0,6.0,4.0,1,5,4,1140833,190138,6,1,700000, ,1, ,40000, 
7203007,4.0,2.0,1.0,5.0,5.0,4.0,8,3,2,1033333,258333,4,4,1000000, , , ,0, 
7203023,4.0,2.0,1.0,5.0,6.0,4.0,8,4,3,1033333,258333,4,1,700000, ,1, ,0, 
7203042,4.0,2.0,1.0,5.0,5.0,4.0,8,4,3,699166,139833,5,1,800000, ,1, ,0, 
7203052,4.0,1.0,2.0,1.0,6.0,1.0,1,2,1,1132616,566308,2,1,54000,2,1, ,13000, 
7203063,4.0,1.0,3.0,1.0,6.0,4.0,1,1,1,576666,288333,2,1,800000, ,1, ,3000, 
7203103,4.0,2.0,1.0,1.0,6.0,4.0,1,2,2,387500,193750,2,2,350000, ,1, ,4000, 
7203169,4.0,2.0,1.0,5.0,7.0,4.0,9,3,1,1902500,1902500,1,1,430000, , , ,17300, 
7203182,4.0,2.0,1.0,1.0,4.0,4.0,1,3,3,1645282,411320,4,1,1000000, , , ,16000, 
7203297,4.0,2.0,1.0,1.0,4.0,3.0,1,3,2,379166,126388,3,1,450000, ,1, ,13700, 
7203633,3.0,2.0,1.0,1.0,6.0,2.0,1,2,2,1890000,472500,4,3,700000,1,1, ,0, 
7203899,3.0,1.0,2.0,1.0,4.0,1.0,4,4,2,1166666,583333,2,1,800000,1,1,20,53000, 
7204003,3.0,2.0,2.0,1.0,6.0,3.0,1,3,1,841666,420833,2,1,500000, ,1,3,35000,6000
7204083,6.0,1.0,2.0,1.0,4.0,1.0,3,5,3,1450000,362500,4,2,240000,2,2, ,32000,12000
7204478,4.0,1.0,1.0,1.0,6.0,4.0,1,3,2,1210000,172857,7,1,800000, , , ,27840, 
7204529,4.0,1.0,1.0,1.0,4.0,4.0,1,3,2,2002666,667555,3,1,740000,4,2, ,48000, 
7204541,4.0,1.0,1.0,1.0,2.0,4.0,1,3,2,220000,110000,2,1,780000,4,1, ,35000, 
7204596,4.0,1.0,1.0,5.0,5.0,4.0,1,3,2,370000,74000,5,1,1800000, ,1, ,17000, 
7204599,4.0,1.0,1.0,5.0,5.0,4.0, ,2,1,201666,201666,1,1,560000, , , , , 
7204600,4.0,1.0,1.0,5.0,5.0,4.0,1,3,1,33000,16500,2,1,360000, ,1, ,25000, 
7204613,4.0,1.0,1.0,6.0,5.0,4.0, ,2,1,766666,766666,1,1,780000, , , , , 
7204848,9.0,1.0,1.0,1.0,6.0,4.0,2,3,1,966666,966666,1,1,800000, , , ,19000, 
7204930,9.0,2.0,1.0,5.0,5.0,4.0,1,5,4,1351666,135166,10,1,350000, ,2, ,600000, 
7205553,1.0,2.0,1.0,5.0,7.0,4.0, ,2,2,1124333,562166,2,2,772000, , , , , 
7205554,1.0,2.0,1.0,5.0,7.0,4.0,8,3,2,1966666,491666,4,2,18000000, , , ,0, 
7205720,1.0,1.0,3.0,5.0,6.0,3.0,1,1,1,155000,155000,1,1,900000, ,1, ,0, 
7205736,1.0,1.0,1.0,1.0,7.0,4.0,1,1,1,365833,60972,6,1,1240000, , , ,0,0
7206373,2.0,2.0,1.0,2.0,6.0,2.0,1,2,1,1066666,533333,2,1,2000000, , , ,22000, 
7206500,2.0,1.0,2.0,1.0,4.0,1.0,5,8,3,5256232,1051246,5,2,2400000,3,2,1,150000,110000
7206530,2.0,2.0,1.0,3.0,6.0,4.0, ,2,1,474583,474583,1,1,980000, , , , , 
7206546,7.0,1.0,2.0,1.0,4.0,1.0,2,3,2,780000,390000,2,1,960000, ,1, ,29000,7000
7206587,4.0,1.0,1.0,1.0,4.0,4.0,1,5,4,1921666,213518,9,1,500000,2,1, ,54000, 
7206594,4.0,1.0,2.0,5.0,5.0,4.0,1,3,2,855000,171000,5,1,1800000, ,1, ,15000, 
7206596,4.0,1.0,1.0,5.0,5.0,4.0,1,3,2,604583,201527,3,1,775000, ,1, ,24000, 
7206600,4.0,1.0,1.0,5.0,5.0,4.0,1,4,3,1483333,247222,6,1,700000, ,1, ,25000, 
7206608,4.0,1.0,1.0,5.0,5.0,4.0,1,5,4,1642500,273750,6,1,450000, ,1, ,38000, 
7206632,4.0,1.0,1.0,1.0,6.0,1.0,1,4,3,1137500,284375,4,3,300000, ,1, ,50000, 
7206641,4.0,1.0,1.0,5.0,5.0,4.0,1,4,3,942500,188500,5,1,430000, , , ,5000, 
7206661,4.0,2.0,1.0,5.0,5.0,4.0, ,3,2,1000000,333333,3,2,600000, , , , , 
7206668,4.0,2.0,1.0,5.0,5.0,4.0,8,3,1,808333,161666,5,1,400000, , , ,0, 
7206689,4.0,2.0,1.0,5.0,5.0,4.0,8,4,3,875000,291666,3,3,900000, , , ,0, 
7206693,4.0,2.0,1.0,5.0,5.0,4.0,8,3,2,680833,136166,5,1,400000, , , ,0, 
7206702,4.0,2.0,1.0,5.0,5.0,4.0,8,5,4,2019166,224351,9,1,1550000, , , ,0, 
7206708,4.0,2.0,1.0,5.0,5.0,4.0,8,4,3,831000,166200,5,1,760000, ,1, ,0, 
7206712,4.0,2.0,1.0,5.0,5.0,4.0,8,4,3,1046666,261666,4,4,1040000, , , ,0, 
7206716,4.0,2.0,1.0,5.0,5.0,4.0,8,2,1,735000,245000,3,3,900000, , , ,0, 
7206732,4.0,2.0,1.0,5.0,5.0,4.0,8,4,3,1881666,376333,5,4,980000, , , ,0, 
7206955,6.0,2.0,1.0,1.0,4.0,3.0,2,4,2,972500,324166,3,1,150000,2,2, ,46000, 
7207077,4.0,1.0,2.0,1.0,6.0,1.0,1,4,3,116666,116666,1,1,200000, , , ,16500, 
7207290,9.0,1.0,1.0,5.0,6.0,4.0,1,3,2,890000,178000,5,1,1600000, , , ,4450,44000
7207292,9.0,1.0,2.0,1.0,4.0,3.0,1,1,1,936666,312222,3,1,800000, ,1, ,20000, 
7207293,9.0,1.0,3.0,1.0,4.0,1.0,1,1,1,1430000,1430000,1,1,4800000, ,1, ,0, 
7207350,9.0,2.0,1.0,5.0,5.0,4.0, ,1,1,958333,958333,1,1,10000000, , , , , 
7207397,9.0,2.0,4.0,5.0,5.0,4.0, ,2,2,833333,277777,3,1,4000000, , , , , 
7207400,9.0,2.0,4.0,5.0,5.0,4.0, ,2,2,1170000,195000,6,1,6000000, , , , , 
7207406,9.0,2.0,1.0,5.0,5.0,4.0,8,2,1,520000,173333,3,1,2000000, , , ,50000, 
7210271,1.0,1.0,2.0,4.0,6.0,4.0,2,2,1,456666,114166,4,1,80000, , , ,20000, 
7210509,1.0,2.0,1.0,1.0,6.0,3.0,9,3,1,1715000,857500,2,1,9000000,2,2, ,21050, 
7210747,1.0,1.0,1.0,3.0,6.0,4.0,0,2,2,615416,153854,4,3,1045000, , , ,0, 
7210937,1.0,2.0,1.0,1.0,4.0,3.0,1,3,2,2652764,884254,3,1,2400000,2,2, ,99,22000
7210976,1.0,2.0,1.0,1.0,6.0,4.0,1,2,1,591666,197222,3,3,900000, ,2, ,40000, 
7211208,2.0,2.0,2.0,1.0,6.0,1.0,2,3,2,1062500,265625,4,1,1200000,2, , ,18000,15000
7211226,2.0,2.0,1.0,1.0,6.0,2.0,1,3,2,1419166,283833,5,1,80000,2,2, ,15000, 
7211232,2.0,2.0,1.0,1.0,4.0,4.0,2,4,4,1106583,368861,3,1,175000, ,1, ,38000,50000
7211241,2.0,2.0,1.0,1.0,4.0,3.0,1,4,3,4243565,707260,6,2,4000000,2,2, ,28000, 
7211248,2.0,2.0,1.0,1.0,6.0,4.0,1,2,1,575000,575000,1,1,1500000, ,2, ,12000, 
7211249,2.0,2.0,1.0,1.0,6.0,4.0,1,2,1,380000,380000,1,1,720000, ,1, ,7000, 
7211250,2.0,2.0,1.0,1.0,6.0,4.0,1,3,2,1130000,282500,4,4,4800000, ,2, ,12000, 
7211252,2.0,2.0,1.0,1.0,6.0,4.0,1,3,2,736666,184166,4,4,800000, ,1, ,7500, 
7211253,2.0,2.0,1.0,1.0,4.0,4.0,1,3,2,390833,390833,1,1,700000, , , ,25000, 
7211256,2.0,2.0,1.0,1.0,6.0,4.0,1,3,2,1168000,292000,4,3,1200000, ,1, ,9000, 
7211263,2.0,2.0,1.0,1.0,6.0,4.0,0,2,1,952000,317333,3,3,1500000, ,1, ,10000, 
7211271,2.0,2.0,1.0,1.0,4.0,4.0,1,3,2,927000,309000,3,2,3000000, ,2, ,12000, 
7211273,2.0,2.0,1.0,1.0,6.0,3.0,0,2,1,495000,165000,3,1,99, ,1, ,21000, 
7211764,2.0,2.0,1.0,5.0,7.0,4.0,1,1,1,173333,86666,2,1,440000, , , ,5000, 
7211787,2.0,1.0,1.0,1.0,6.0,4.0,2,2,2,1432500,358125,4,1,414000,2,1, ,16000,10500
7211835,2.0,2.0,1.0,1.0,6.0,3.0,1,4,1,1227125,409041,3,1,360000,2,1, ,0, 
7211860,2.0,2.0,1.0,1.0,6.0,3.0,2,3,2,1194000,298500,4,1,424000,2,2, ,0, 
7211927,2.0,1.0,1.0,1.0,4.0,3.0,2,4,3,3085833,259314,10,1,120000, , , ,0, 
7211985,2.0,1.0,1.0,5.0,6.0,4.0,1,1,1,1975833,493958,4,1,40000,2,1, ,45000, 
7212137,2.0,1.0,1.0,1.0,4.0,4.0,2,4,3,3600000,514285,7,3,1200000,2,1, ,30000,30000
7212361,2.0,2.0,1.0,1.0,6.0,4.0,1,4,1,612500,612500,1,1,750000, ,3, ,0, 
7212637,7.0,2.0,1.0,5.0,6.0,4.0, ,2,1,1190833,297708,4,1,1500000, , , , , 
7212805,7.0,1.0,2.0,1.0,4.0,2.0,1,3,2,773250,193312,4,3,1479000, ,1, ,20000,30000
7212910,4.0,1.0,2.0,1.0,4.0,1.0,2,2,1,605833,605833,1,1,70000, ,2, ,25000,26000
7212911,4.0,1.0,3.0,1.0,4.0,1.0,2,1,1,566666,566666,1,1,800000, , , ,25000, 
7213030,4.0,1.0,1.0,1.0,6.0,3.0,2,1,1,631666,210555,3,1,500000, ,2, ,18000, 
7213261,4.0,2.0,1.0,4.0,7.0,2.0,1,2,1,247500,123750,2,1,450000, ,1, ,7300, 
7213704,3.0,2.0,1.0,1.0,6.0,4.0,2,4,1,1050000,1050000,1,1,3000000, ,1, ,31500, 
7214250,6.0,1.0,2.0,1.0,6.0,1.0,0,3,2,1674616,558205,3,1,1080000,2,2, ,0, 
7214276,6.0,2.0,1.0,5.0,6.0,4.0,1,2,2,215000,215000,1,1,1500000, ,2, ,40400, 
7214438,6.0,2.0,1.0,1.0,6.0,3.0, ,2,2,2037666,407533,5,1,680000, , , , , 
7214468,4.0,1.0,2.0,1.0,6.0,1.0,1,4,3,1011666,337222,3,1,600000,2,2, ,34500, 
7214479,4.0,1.0,2.0,1.0,6.0,1.0,1,4,2,407500,203750,2,1,700000,2,2, ,15200, 
7214751,4.0,2.0,1.0,1.0,6.0,4.0,1,4,2,350000,175000,2,1,1200000, ,1, ,31000, 
7214961,9.0,1.0,1.0,1.0,6.0,4.0,1,5,3,751666,187916,4,1,60000, ,2, ,35000, 
7214977,9.0,1.0,1.0,5.0,7.0,4.0, ,2,1,216666,216666,1,1,800000, , , , , 
7215024,9.0,2.0,1.0,5.0,6.0,4.0,9,3,2,390000,78000,5,5,900000, ,1, ,61000, 
7215027,,,,,,,,4,3,1700000,425000,4,2,800000, , , ,60000, 
7215244,9.0,2.0,1.0,5.0,7.0,4.0,8,3,2,7856666,2618888,3,1,8000000, , , ,0, 
7215337,9.0,1.0,1.0,1.0,6.0,4.0,0,2,2,873333,218333,4,1,770000, ,1, ,30000, 
7215405,9.0,1.0,3.0,1.0,6.0,4.0,9,1,1,112750,112750,1,1,673000, , , ,99, 
7215478,9.0,2.0,1.0,5.0,6.0,4.0,1,3,2,396666,132222,3,2,500000, ,2, ,25800, 
7215520,9.0,2.0,1.0,5.0,5.0,4.0,8,4,3,3750000,1000000,4,1,12000000, ,3, ,0, 
7215722,1.0,1.0,1.0,1.0,7.0,4.0,1,4,3,2356666,392777,6,1,200000, , , ,56000,25000
7215778,1.0,1.0,1.0,1.0,4.0,1.0,3,4,2,13333,6666,2,1,80000,2,1, ,110000,25000
7215867,1.0,1.0,1.0,1.0,4.0,1.0,2,4,3,1758333,351666,5,1,1600000,2,2, ,220000,125000
7215956,2.0,1.0,1.0,8.0,7.0,4.0,1,3,3,1109166,138645,8,2,300000, ,1, ,25000,15000
7216179,7.0,1.0,2.0,1.0,4.0,1.0,1,4,4,3277000,655400,5,1,960000,2,3,8,141986, 
7216497,3.0,1.0,1.0,1.0,6.0,3.0,2,3,3,2008667,286952,7,1,3500000, ,2, ,86000,45000
7216942,1.0,2.0,1.0,1.0,6.0,3.0,1,3,2,1233949,308487,4,2,620000,2,2, ,25000, 
7217257,9.0,1.0,2.0,1.0,4.0,1.0,1,2,1,630833,630833,1,1,2400000, , , ,0, 
7217265,9.0,2.0,1.0,5.0,5.0,4.0, ,1,1,2300000,575000,4,1,2400000, , , , , 
7217484,1.0,2.0,1.0,1.0,6.0,4.0,1,3,2,1117500,279375,4,1,300000, ,1, ,79000, 
7217635,1.0,1.0,1.0,1.0,4.0,3.0,3,4,2,1844666,614888,3,1,800000, ,2, ,120000,40000
7217920,2.0,2.0,1.0,1.0,6.0,5.0,1,3,1,156250,78125,2,2,540000, , , ,33000, 
7218261,4.0,1.0,1.0,5.0,2.0,4.0,1,4,3,478333,79722,6,1,2200000, , , ,24000, 
7218305,4.0,1.0,1.0,1.0,4.0,4.0,1,4,3,1771500,295250,6,1,2100000, ,3, ,0, 
7218308,4.0,1.0,1.0,1.0,4.0,1.0,1,3,1,1498333,499444,3,1,650000, ,2, ,30000, 
7218334,3.0,2.0,1.0,3.0,5.0,2.0,2,2,2,2199500,366583,6,1,336000,1,1, ,291000, 
7218686,9.0,1.0,1.0,1.0,6.0,4.0,9,3,2,35000,5833,6,3,420000, ,2, ,0, 
7219100,9.0,2.0,1.0,1.0,6.0,4.0,2,3,1,20815000,20815000,1,1,180000, ,2, ,149000, 
7219127,9.0,2.0,1.0,1.0,7.0,4.0, ,2,1,1030000,343333,3,1,120000, , , , , 
7219154,9.0,2.0,1.0,1.0,6.0,3.0,1,4,3,1570000,523333,3,2,1800000, ,3, ,82000,20000
7219157,9.0,2.0,1.0,1.0,6.0,3.0,2,3,2,925000,308333,3,1,900000,1,2, ,110000,9000
7219181,9.0,2.0,1.0,1.0,6.0,4.0,1,2,1,540000,270000,2,2,360000, ,1, ,59450, 
7219763,2.0,2.0,1.0,1.0,4.0,3.0,0,3,2,466666,116666,4,1,800000, ,2, ,0, 
7219889,2.0,1.0,1.0,1.0,4.0,1.0,3,5,1,2314166,578541,4,1,1000000,2,3, ,137000,14000
7220245,9.0,2.0,4.0,5.0,5.0,6.0,0,3,2,590000,84285,7,2,1680000, , , ,0, 
7220246,9.0,2.0,4.0,5.0,5.0,4.0,0,7,6,4730000,591250,8,1,840000, ,3, ,14000, 
7220316,4.0,1.0,2.0,1.0,5.0,1.0,3,2,2,634583,211527,3,1,200000,2,2,2,47000, 
7220336,4.0,1.0,2.0,1.0,6.0,3.0,2,2,2,1130000,282500,4,2,300000,2,2, ,24000, 
7220362,4.0,1.0,3.0,1.0,4.0,1.0,2,1,1,500000,500000,1,1,800000, , , ,98, 
7220375,4.0,1.0,1.0,2.0,4.0,2.0,1,2,2,829583,207395,4,1,99, ,1, ,29700, 
7220397,4.0,1.0,2.0,1.0,4.0,1.0,1,2,2,500000,166666,3,1,1200000, , , ,15000, 
7220400,4.0,1.0,2.0,2.0,4.0,2.0,2,3,3,1266449,253289,5,1,700000,1,1, ,50000, 
7220406,4.0,2.0,1.0,4.0,5.0,3.0,1,2,1,376666,376666,1,1,1400000, , , ,2800, 
7220448,4.0,2.0,1.0,1.0,4.0,1.0,1,2,2,332166,66433,5,1,140000,1, , ,20000, 
7220458,4.0,2.0,1.0,5.0,6.0,3.0,1,1,1,150000,150000,1,1,99, , , ,14600, 
7220473,4.0,2.0,1.0,1.0,6.0,1.0,1,1,1,626833,156708,4,1,230000, ,2, ,22000, 
7220490,4.0,2.0,1.0,2.0,6.0,3.0,1,3,1,1070000,356666,3,2,1200000,2,2, ,10000, 
7220633,4.0,2.0,1.0,1.0,4.0,3.0,1,1,1,1103333,275833,4,4,700000, ,2, ,25000, 
7220645,4.0,2.0,1.0,4.0,6.0,4.0,1,1,1,348333,174166,2,1,1600000, ,1, ,15000, 
7220666,4.0,1.0,1.0,5.0,7.0,4.0,0,2,2,1008333,252083,4,3,1200000, ,1, ,0, 
7220669,4.0,1.0,1.0,5.0,6.0,4.0,8,1,1,165833,165833,1,1,150000, ,1, ,0, 
7220684,4.0,2.0,1.0,1.0,4.0,3.0,1,2,1,344166,172083,2,2,500000, ,2, ,19500, 
7220687,4.0,2.0,1.0,5.0,7.0,4.0,1,1,1,1062833,354277,3,3,1000000, ,1, ,13000, 
7220708,4.0,2.0,1.0,3.0,6.0,4.0,1,2,2,915000,228750,4,1,1480000, ,1, ,8800, 
7220723,4.0,1.0,2.0,1.0,4.0,1.0,1,3,2,1015833,203166,5,1,200000,3,2, ,12000, 
7220780,4.0,2.0,1.0,1.0,6.0,3.0,1,1,1,768333,256111,3,3,800000, ,1, ,30000, 
7220783,4.0,2.0,3.0,1.0,6.0,4.0,1,1,1,826666,275555,3,1,1400000, , , ,10000, 
7220790,4.0,2.0,1.0,1.0,6.0,4.0,1,3,1,311666,311666,1,1,1400000, ,1, ,6000, 
7220861,4.0,1.0,2.0,1.0,4.0,2.0,1,4,3,1366333,455444,3,1,396000, ,2, ,20000,70000
7221213,3.0,1.0,1.0,3.0,7.0,4.0,1,2,2,684583,171145,4,1,250000, , , ,20000, 
7221698,4.0,1.0,2.0,1.0,6.0,4.0,1,4,3,1481666,211666,7,1,980000, , , ,55000, 
7221809,4.0,1.0,1.0,5.0,5.0,4.0,8,6,2,708333,101190,7,1,400000,2,1, ,0, 
7221840,4.0,1.0,1.0,5.0,5.0,4.0,8,3,2,630833,90119,7,1,1790000,2, , ,0, 
7221862,4.0,2.0,1.0,5.0,5.0,4.0,8,3,2,515000,103000,5,1,1500000,2,2, ,5000, 
7222018,9.0,1.0,3.0,1.0,6.0,4.0,1,2,1,1777500,888750,2,1,900000, ,2, ,0, 
7222267,9.0,1.0,1.0,1.0,6.0,3.0,1,3,2,741250,148250,5,1,2325000, , , ,24000, 
7225009,1.0,1.0,2.0,1.0,6.0,3.0,1,3,2,1406666,351666,4,1,2000000,1,2,2,74000,26000
7225365,1.0,1.0,2.0,1.0,6.0,4.0,1,1,1,1834933,458733,4,1,150000, ,2, ,0,30000
7225374,1.0,1.0,1.0,1.0,6.0,3.0,1,3,1,241000,241000,1,1,292000,2, , ,45000,28000
7225974,2.0,1.0,2.0,1.0,6.0,1.0,1,3,2,711666,237222,3,1,400000, ,1, ,45000, 
7226130,3.0,2.0,1.0,5.0,7.0,4.0,1,3,2,248333,62083,4,1,700000, ,1, ,32000, 
7226384,3.0,2.0,1.0,5.0,7.0,4.0,1,3,2,2150000,716666,3,1,600000, , , ,12000,15000
7227423,4.0,1.0,3.0,1.0,4.0,1.0,2,1,1,108333,108333,1,1,800000, , ,25,98, 
7227443,4.0,2.0,1.0,5.0,5.0,4.0,1,3,2,620000,206666,3,2,1200000, , , ,20000, 
7228439,6.0,1.0,2.0,1.0,4.0,1.0,2,2,1,850000,425000,2,1,4800000,2,2,1,20000,15000
7228556,6.0,2.0,1.0,1.0,6.0,3.0,1,3,1,1048333,349444,3,1,100000, ,1, ,12000, 
7228687,4.0,2.0,1.0,5.0,5.0,4.0,8,3,1,119166,119166,1,1,350000, , , ,0, 
7228793,4.0,2.0,1.0,5.0,5.0,4.0,8,3,1,440000,220000,2,1,1200000, , , ,0, 
7228980,4.0,1.0,1.0,1.0,4.0,4.0,1,4,3,2172333,310333,7,1,400000,3,1, ,30000, 
7229351,9.0,2.0,1.0,1.0,4.0,3.0,1,5,3,720000,144000,5,1,400000,1,1, ,27000,16000
7229370,9.0,1.0,2.0,1.0,4.0,3.0,1,2,2,391666,97916,4,1,300000, ,1, ,10800,42000
7229488,9.0,2.0,1.0,5.0,5.0,4.0, ,3,2,500000,166666,3,2,2400000, , , , , 
7229499,9.0,2.0,1.0,1.0,4.0,3.0,1,5,3,2154166,538541,4,1,12000000, ,1, ,12000, 
7229800,9.0,1.0,2.0,1.0,4.0,3.0,2,3,1,633333,316666,2,2,400000,2,1, ,45000,97
7229949,9.0,2.0,1.0,1.0,6.0,4.0,1,2,1,516666,516666,1,1,800000, ,1, ,45000,5000
7230123,1.0,2.0,3.0,4.0,7.0,4.0, ,1,1,562500,562500,1,1,540000, , , , , 
7230131,1.0,2.0,3.0,5.0,7.0,4.0, ,1,1,347500,173750,2,1,135000, , , , , 
7230139,1.0,2.0,3.0,4.0,7.0,4.0,1,1,1,195000,195000,1,1,540000, , , ,0, 
7231223,3.0,2.0,1.0,1.0,5.0,4.0,2,4,1,158333,158333,1,1,100000, ,1, ,27500, 
7231646,9.0,2.0,1.0,5.0,6.0,4.0,1,2,1,1426666,475555,3,1,800000, , , ,24000, 
7231997,1.0,1.0,1.0,1.0,4.0,1.0,1,3,2,1957373,391474,5,3,1800000,4,2, ,24000,18000
7232635,7.0,1.0,2.0,1.0,4.0,1.0,1,3,2,1291666,430555,3,1,200000, ,2, ,0,4800
7232800,4.0,2.0,1.0,1.0,4.0,4.0,1,3,2,897666,149611,6,1,1400000, , , ,11000, 
7233146,3.0,2.0,1.0,1.0,6.0,3.0,2,2,2,1800000,600000,3,1,2400000, ,1, ,64000, 
7233220,1.0,2.0,1.0,5.0,7.0,4.0,1,4,3,1345481,269096,5,1,200000, ,2, ,55000, 
7233230,1.0,2.0,1.0,5.0,7.0,4.0,1,2,1,319833,319833,1,1,738000, , , ,42000, 
7233242,1.0,1.0,1.0,1.0,4.0,3.0,1,2,2,472500,157500,3,1,400000,2,3, ,50000,18000
7233286,4.0,1.0,1.0,5.0,5.0,4.0,8,4,2,812500,270833,3,1,240000,1,1, ,0, 
7233292,4.0,1.0,1.0,5.0,5.0,4.0,8,5,3,1832616,366523,5,2,780000,1,2, ,0, 
7233318,4.0,1.0,1.0,5.0,5.0,4.0,8,2,1,513333,513333,1,1,400000, , , ,0, 
7233455,9.0,2.0,1.0,5.0,4.0,4.0,1,3,3,909000,227250,4,1,99, ,1, ,16500, 
7233583,9.0,1.0,1.0,5.0,5.0,4.0,1,2,1,1380000,276000,5,4,1080000, , , ,5500, 
7233730,1.0,2.0,1.0,5.0,6.0,4.0,1,3,2,546500,136625,4,1,600000,2, , ,35000, 
7234072,3.0,2.0,1.0,1.0,4.0,4.0,1,3,3,1306666,326666,4,1,400000,1,1, ,49000, 
7234151,2.0,1.0,1.0,1.0,4.0,3.0,2,3,2,485000,121250,4,1,360000, ,1, ,30800,7800
7234245,4.0,1.0,1.0,1.0,4.0,1.0,1,4,2,612500,122500,5,1,240000,2,1, ,19000, 
7234294,4.0,1.0,2.0,1.0,6.0,1.0,1,2,1,250000,125000,2,1,300000, , , ,20000, 
7234495,6.0,2.0,1.0,1.0,7.0,4.0,1,3,2,266666,66666,4,1,1400000,2,1, ,32000, 
7234608,4.0,2.0,4.0,9.0,5.0,4.0,8,1,1,161333,17925,9,1,1000000, , , ,0, 
7234610,4.0,2.0,4.0,9.0,5.0,4.0,8,1,1,397000,66166,6,1,1500000, , , ,0, 
7234612,4.0,2.0,1.0,5.0,5.0,4.0,8,5,3,259333,86444,3,1,400000, , , ,0, 
7234631,4.0,2.0,1.0,5.0,5.0,4.0,8,3,2,945833,189166,5,1,700000,2, , ,5000, 
7234693,4.0,2.0,1.0,5.0,5.0,4.0,1,3,2,999000,249750,4,1,400000,3,1, ,22000, 
7234788,4.0,2.0,1.0,5.0,7.0,4.0,9,2,1,256666,256666,1,1,640000, , , ,20000, 
7235155,2.0,2.0,1.0,1.0,6.0,4.0,2,3,2,270000,135000,2,1,1000000, ,2, ,50000, 
7235157,2.0,2.0,1.0,1.0,6.0,4.0,1,2,1,761666,380833,2,1,500000, ,2, ,15600, 
7235337,2.0,2.0,1.0,1.0,4.0,3.0,1,2,1,509666,254833,2,2,356000, , , ,10000, 
7235395,3.0,2.0,1.0,1.0,4.0,3.0,4,4,4,2217666,554416,4,1,500000,2,1, ,35000, 
7235733,9.0,1.0,1.0,1.0,4.0,3.0,1,2,1,614166,153541,4,1,600000, , , ,12000,9000
7236553,1.0,2.0,1.0,1.0,6.0,4.0,0,3,2,420000,105000,4,1,840000,2,2, ,0, 
7237202,3.0,1.0,1.0,1.0,6.0,4.0,2,4,3,3292500,548750,6,1,800000,2,1, ,75000, 
7237460,2.0,2.0,2.0,1.0,4.0,3.0,2,3,2,2577854,859284,3,1,2400000,1,3,2,60000,11000
7237809,3.0,2.0,1.0,1.0,6.0,3.0,2,3,2,1491666,497222,3,1,4300000, ,2, ,73000, 
7238421,4.0,2.0,1.0,5.0,5.0,4.0,1,3,2,1020000,340000,3,1,480000,3,2, ,15000, 
7238526,4.0,2.0,1.0,5.0,2.0,4.0,1,6,1,808333,404166,2,1,700000,4,1, ,40000, 
7239273,9.0,2.0,1.0,5.0,5.0,4.0,8,3,2,1426666,356666,4,1,3000000, , , ,0, 
7239579,1.0,2.0,3.0,1.0,7.0,4.0,1,3,2,1427500,158611,9,1,1020000, , , ,17840, 
7239812,6.0,2.0,1.0,1.0,6.0,4.0,2,4,2,1951500,325250,6,1,780000,4,2, ,25000, 
7240028,1.0,2.0,1.0,5.0,7.0,4.0,0,1,1,515000,515000,1,1,1200000, , , ,0, 
7240032,1.0,2.0,1.0,1.0,6.0,4.0,1,2,1,1900833,475208,4,2,720000, ,1, ,0, 
7240035,1.0,2.0,1.0,1.0,6.0,4.0,0,2,1,1810000,452500,4,1,480000,2,2, ,0,10000
7240040,1.0,2.0,1.0,1.0,6.0,4.0,1,1,1,6467500,1616875,4,2,1440000,2,1, ,25800,8600
7240250,4.0,2.0,3.0,1.0,4.0,3.0,1,1,1,585000,292500,2,1,420000, ,2, ,27000, 
7240370,3.0,2.0,1.0,1.0,4.0,3.0,3,3,2,1456666,364166,4,2,120000, ,2,3,290000, 
7240709,4.0,2.0,1.0,1.0,6.0,4.0,1,3,2,180000,60000,3,1,98, , , ,21000, 
7240959,9.0,2.0,1.0,5.0,5.0,3.0, ,2,1,2066666,1033333,2,1,8000000, , , , , 
7241410,2.0,1.0,1.0,1.0,5.0,3.0,2,4,3,1854666,463666,4,1,1000000,4,1,3,102000,35000
7241487,3.0,1.0,1.0,1.0,4.0,3.0,3,3,2,3128333,782083,4,3,7000000,2,2, ,60000,38000
7241491,3.0,2.0,1.0,3.0,6.0,4.0,2,3,2,1007282,251820,4,1,230000, ,2, ,25000, 
7241656,9.0,2.0,1.0,5.0,5.0,4.0,8,2,1,489166,244583,2,1,4000000, , , ,0, 
7241823,1.0,2.0,1.0,1.0,6.0,4.0,0,3,2,767500,127916,6,1,1020000, , , ,0, 
7242182,2.0,1.0,2.0,1.0,4.0,1.0,3,4,2,2003333,1001666,2,1,2400000,2,1, ,53000, 
7242249,,,,,,,,4,4,1250833,312708,4,2,720000,2,1,4,30750,7500
7242265,2.0,2.0,1.0,3.0,4.0,4.0,1,3,2,1016833,254208,4,1,1200000, ,2, ,18000, 
7242432,4.0,2.0,1.0,5.0,5.0,4.0,1,3,1,380000,380000,1,1,3000000, , , ,17000, 
7242438,4.0,2.0,1.0,1.0,4.0,4.0,1,4,3,175666,58555,3,1,800000, ,1, ,30000, 
7242544,9.0,2.0,3.0,1.0,6.0,4.0,1,3,1,550000,550000,1,1,1800000, ,1, ,22000, 
7242594,1.0,1.0,1.0,1.0,4.0,1.0,3,4,3,1108648,184774,6,1,240000, ,2, ,79000,18000
7242634,1.0,2.0,1.0,1.0,6.0,3.0,1,4,3,120000,20000,6,1,900000, , , ,30000,32000
7242751,1.0,1.0,1.0,1.0,6.0,4.0,0,3,1,493333,164444,3,1,760000, ,1, ,0,65000
7243530,4.0,2.0,1.0,1.0,6.0,2.0,1,4,2,1908282,381656,5,1,1000000, ,1, ,15000, 
7243594,3.0,2.0,1.0,1.0,6.0,4.0,1,3,2,2117000,529250,4,1,204000,1,2, ,80000,22000
7244642,1.0,2.0,1.0,4.0,7.0,6.0, ,2,1,3838333,959583,4,2,720000, , , , , 
7245605,1.0,1.0,1.0,1.0,4.0,3.0,2,3,2,2093750,523437,4,2,200000,4,2, ,30000,14000
7245650,9.0,1.0,1.0,1.0,6.0,3.0,1,3,2,183333,91666,2,1,200000, ,2, ,65000, 
7245920,9.0,2.0,1.0,5.0,6.0,3.0,1,4,1,800000,266666,3,1,99, ,2, ,23000, 
7246414,2.0,2.0,1.0,1.0,6.0,2.0,1,2,2,1626666,406666,4,1,2000000,2,2, ,15000, 
7246423,2.0,2.0,1.0,1.0,4.0,2.0,0,2,1,182500,60833,3,3,1200000, ,1, ,30000, 
7246428,2.0,2.0,1.0,1.0,4.0,3.0,0,3,2,1645000,274166,6,5,99,2,1, ,25000, 
7246429,2.0,2.0,1.0,5.0,5.0,3.0,0,3,3,1245000,415000,3,1,1200000, , , ,7000, 
7246532,2.0,2.0,1.0,1.0,4.0,2.0,2,4,3,2242500,560625,4,1,300000,2,2, ,97000, 
7247067,6.0,2.0,1.0,5.0,6.0,3.0,0,3,2,600000,120000,5,1,600000, , , ,0, 
7247184,1.0,1.0,1.0,1.0,6.0,4.0,1,2,1,408333,204166,2,1,2400000, ,1, ,70000,10000
7247216,4.0,1.0,1.0,5.0,2.0,4.0,8,3,1,330000,330000,1,1,900000, , , ,0, 
7247284,1.0,1.0,1.0,1.0,4.0,3.0,1,3,3,2602500,520500,5,1,30000,2,2, ,175000,30000
